Workbook

Sheet SSP assumptions
B1: 2000-2020 calibration | C1: 2020-2050 extrapolation
A2: Indicator | B2: standard scenario | C2: SSP1 | D2: SSP2 | E2: SSP3 | F2: ref
A3: Population growth
A4: Narrative | B4: - Decreasing growth rates since 1990s | C4: - Increase on the long run | D4: - Population maintains current growth pattern | E4: - Population growth decreases, with potential sharp decrease on the long run | F4: - SSP Narratives - Analysis of population distribution 1980-2020
A5: Quantification - max | B5: 0.0329 | C5: 0.0227 | D5: 0.0157 | E5: 0.0107
A6: Quantification - min | B6: 0.0107
A7: Quantification total HH | B7: 180405 | C7: =C8/(3.8*50) -> 217503.28 | D7: =D8/(3.8*50) -> 208533.99 | E7: =E8/(3.8*50) -> 200640.72
A8: mi people | B8: =39.6214587249692*1000000 -> 39621459 | C8: =41.3256230967465*1000000 -> 41325623 | D8: =39.6214587249692*1000000 -> 39621459 | E8: =38.1217364291978*1000000 -> 38121736 | F8: - Populations projections for Indonesia in the IIASA SSP Database, inverted (SSP1=SSP3)
A9: Number of deprived HH
A10: Narrative | B10: - Located in the outskirts - Depend on motorbikes or public transportation - Differences to LI? | C10: - Small reduction | D10: - Slight increase (25%) | E10: - Growth much above the mean | F10: - SSP Narratives - GDP distribution raster in Kummu et al.2025 - Analysis in Janssen & Molder 2022
A11: Quantification - 2000
A12: Quantification - 2020 | B12: 0.1 | C12: 7 | D12: 13 | E12: 25
A13: Number of low income HH
A14: Narrative | B14: - Located in the outskirts - Depend on motorbikes or public transportation - Differences to DP? | C14: - Strong reduction | D14: - Slight increase (25%) | E14: - Growth much above the mean | F14: - SSP Narratives - GDP distribution raster in Kummu et al.2025 - Analysis in Janssen & Molder 2022
A15: Quantification - 2000
A16: Quantification - 2020 | B16: 0.43 | C16: 23 | D16: 48 | E16: 50
A17: Number of middle income HH
A18: Narrative | B18: - | C18: - Strong increase | D18: - Stable | E18: - Strong decrease
A19: Quantification - 2000
A20: Quantification - 2020 | B20: 0.2 | C20: 33 | D20: 20 | E20: 15
A21: Number of high income HH
A22: Narrative | B22: - Cluster around the CBD - Favour location of large houses | C22: - Growth above the mean | D22: - Small decrease | E22: - Strong decrease | F22: - SSP Narratives - GDP distribution raster in Kummu et al.2025 - Analysis in Janssen & Molder 2022
A23: Quantification - 2000
A24: Quantification - 2020 | B24: 0.27 | C24: 37 | D24: 19 | E24: 10
A25: Consistency check | B25: =SUM(B24,B20,B16,B12) -> 1 | C25: =SUM(C24,C20,C16,C12) -> 100 | D25: =SUM(D24,D20,D16,D12) -> 100 | E25: =SUM(E24,E20,E16,E12) -> 100
A26: Suburban centres Utility
A27: Narrative | B27: - Strong suburban development - Suburban centers have little influence (mostly roads) | D27: - Small decrease | E27: - Strong decrease
A28: Quantification - max
A29: Quantification - min
A30: Neighbour
A31: Narrative | B31: ?
A32: Quantification - max
A33: Quantification - min
A34: Built up utility
A35: Narrative | B35: - Edge expansion growth seems to dominate new cells over most periods
A36: Quantification - max
A37: Quantification - min
A38: CBD utility
A39: Narrative | B39: - No expression in expansion - Income levels concentric around these features - High income clusters around these features | F39: - Analysis in Janssen & Molder 2022
A40: Quantification - max
A41: Quantification - min
A42: Mall utility
A43: Narrative | B43: - Little expression in expansion - Income levels also do not seem to respond much
A44: Quantification - max
A45: Quantification - min
A46: Markets utility
A47: Narrative
A48: Quantification - max
A49: Quantification - min
A50: Road utility
A51: Narrative | B51: - Significant for growth - Significant for middle income distribution
A52: Quantification - max
A53: Quantification - min
A54: Density utility
A55: Narrative
A56: Quantification - max
A57: Quantification - min
A58: Schools untility
A59: Narrative
A60: Quantification - max
A61: Quantification - min
A62: Attractive areas utility
A63: Narrative | B63: - Very significant for high income
A64: Quantification - max
A65: Quantification - min
A66: Health utility
A67: Narrative
A68: Quantification - max
A69: Quantification - min
A70: Random
A71: Narrative
A72: Quantification - max
A73: Quantification - min
A74: z

Sheet SSP paper
D1: Urbanisation | F1: Population | H1: Urbanisation change rate | K1: Population changec rate
C2: Total area (km²) | D2: Total area 2025 (km²) | E2: Urbanisation Rate | F2: Total (mi) | G2: Mean density 2025 (pop/km²) | H2: 1980-1990 | I2: 2015-2025 | J2: 1980-2025 | K2: 1980-1990 | L2: 1990-2015 | M2: 2015-2025 | N2: 1980-2025 | T2: Urban area 1975 | U2: Urban area 1990
A3: Jabodetabek region | C3: =SUM(C5:C19) -> 5748.554 | D3: =SUM(D5:D19) -> 927.0548 | E3: =AVERAGE(E5:E19) -> 0.31854665 | F3: =SUM(F5:F19) -> 39.172824 | G3: =AVERAGE(G5:G19) -> 14689.289 | H3: =AVERAGE(H5:H19) -> 1.6473333 | I3: =AVERAGE(I5:I19) -> 0.438 | J3: =AVERAGE(J5:J19) -> 1.2326667 | K3: =AVERAGE(K5:K19) -> 3.7306667 | L3: =AVERAGE(L5:L19) -> 2.51 | M3: =AVERAGE(M5:M19) -> 1.5706667 | N3: =AVERAGE(N5:N19) -> 2.596 | T3: 525.22114 | U3: 643.28309 | V3: row_refs
A4: Core | G4: =AVERAGE(G5:G9) -> 19130.132
B5: South Jakarta City | C5: =GHSL!C2 -> 144.813 | D5: =GHSL!$X2/1000000 -> 56.194907 | E5: =D5/C5 -> 0.38805154 | F5: =GHSL!$N2/1000000 -> 2.541613 | G5: =GHSL!$N2/C5 -> 17551 | H5: =ROUND(AVERAGE(INDIRECT(_xlfn.CONCAT($B$20,"!",LEFT(H$20,2),$V5,RIGHT(H$20,3),$V5),TRUE)),2) -> 0.9 | I5: =ROUND(AVERAGE(INDIRECT(_xlfn.CONCAT($B$20,"!",LEFT(I$20,2),$V5,RIGHT(I$20,3),$V5),TRUE)),2) -> 0.04 | J5: =ROUND(AVERAGE(INDIRECT(_xlfn.CONCAT($B$20,"!",LEFT(J$20,2),$V5,RIGHT(J$20,3),$V5),TRUE)),2) -> 0.32 | K5: =ROUND(AVERAGE(INDIRECT(_xlfn.CONCAT($B$20,"!",LEFT(K$20,2),$V5,RIGHT(K$20,3),$V5),TRUE)),2) -> 3.13 | L5: =ROUND(AVERAGE(INDIRECT(_xlfn.CONCAT($B$20,"!",LEFT(L$20,2),$V5,RIGHT(L$20,3),$V5),TRUE)),2) -> 0.85 | M5: =ROUND(AVERAGE(INDIRECT(_xlfn.CONCAT($B$20,"!",LEFT(M$20,2),$V5,RIGHT(M$20,3),$V5),TRUE)),2) -> 1.07 | N5: =ROUND(AVERAGE(INDIRECT(_xlfn.CONCAT($B$20,"!",LEFT(N$20,2),$V5,RIGHT(N$20,3),$V5),TRUE)),2) -> 1.33 | V5: 2 | X5: =_xlfn.CONCAT("raw!BC",V5,":BD",V5) -> raw!BC2:BD2 | Z5: =_xlfn.CONCAT("raw!AV",$V5,":BD",$V5) -> raw!AV2:BD2
B6: East Jakarta City | C6: =GHSL!C3 -> 184.658 | D6: =GHSL!$X3/1000000 -> 66.253606 | E6: =D6/C6 -> 0.35879088 | F6: =GHSL!$N3/1000000 -> 3.3431318 | G6: =GHSL!$N3/C6 -> 18104.451 | H6: =ROUND(AVERAGE(INDIRECT(_xlfn.CONCAT($B$20,"!",LEFT(H$20,2),$V6,RIGHT(H$20,3),$V6),TRUE)),2) -> 0.96 | I6: =ROUND(AVERAGE(INDIRECT(_xlfn.CONCAT($B$20,"!",LEFT(I$20,2),$V6,RIGHT(I$20,3),$V6),TRUE)),2) -> 0.12 | J6: =ROUND(AVERAGE(INDIRECT(_xlfn.CONCAT($B$20,"!",LEFT(J$20,2),$V6,RIGHT(J$20,3),$V6),TRUE)),2) -> 0.43 | K6: =ROUND(AVERAGE(INDIRECT(_xlfn.CONCAT($B$20,"!",LEFT(K$20,2),$V6,RIGHT(K$20,3),$V6),TRUE)),2) -> 3.13 | L6: =ROUND(AVERAGE(INDIRECT(_xlfn.CONCAT($B$20,"!",LEFT(L$20,2),$V6,RIGHT(L$20,3),$V6),TRUE)),2) -> 0.8 | M6: =ROUND(AVERAGE(INDIRECT(_xlfn.CONCAT($B$20,"!",LEFT(M$20,2),$V6,RIGHT(M$20,3),$V6),TRUE)),2) -> 1.07 | N6: =ROUND(AVERAGE(INDIRECT(_xlfn.CONCAT($B$20,"!",LEFT(N$20,2),$V6,RIGHT(N$20,3),$V6),TRUE)),2) -> 1.3 | V6: 3 | X6: =_xlfn.CONCAT("raw!BC",V6,":BD",V6) -> raw!BC3:BD3 | Z6: =_xlfn.CONCAT("raw!AV",$V6,":BD",$V6) -> raw!AV3:BD3
B7: Central Jakarta City | C7: =GHSL!C4 -> 47.887 | D7: =GHSL!$X4/1000000 -> 18.722782 | E7: =D7/C7 -> 0.39097839 | F7: =GHSL!$N4/1000000 -> 1.0305016 | G7: =GHSL!$N4/C7 -> 21519.444 | H7: =ROUND(AVERAGE(INDIRECT(_xlfn.CONCAT($B$20,"!",LEFT(H$20,2),$V7,RIGHT(H$20,3),$V7),TRUE)),2) -> 0.77 | I7: =ROUND(AVERAGE(INDIRECT(_xlfn.CONCAT($B$20,"!",LEFT(I$20,2),$V7,RIGHT(I$20,3),$V7),TRUE)),2) -> 0.03 | J7: =ROUND(AVERAGE(INDIRECT(_xlfn.CONCAT($B$20,"!",LEFT(J$20,2),$V7,RIGHT(J$20,3),$V7),TRUE)),2) -> 0.19 | K7: =ROUND(AVERAGE(INDIRECT(_xlfn.CONCAT($B$20,"!",LEFT(K$20,2),$V7,RIGHT(K$20,3),$V7),TRUE)),2) -> 2.99 | L7: =ROUND(AVERAGE(INDIRECT(_xlfn.CONCAT($B$20,"!",LEFT(L$20,2),$V7,RIGHT(L$20,3),$V7),TRUE)),2) -> -0.06 | M7: =ROUND(AVERAGE(INDIRECT(_xlfn.CONCAT($B$20,"!",LEFT(M$20,2),$V7,RIGHT(M$20,3),$V7),TRUE)),2) -> 0.99 | N7: =ROUND(AVERAGE(INDIRECT(_xlfn.CONCAT($B$20,"!",LEFT(N$20,2),$V7,RIGHT(N$20,3),$V7),TRUE)),2) -> 0.84 | V7: 4 | X7: =_xlfn.CONCAT("raw!BC",V7,":BD",V7) -> raw!BC4:BD4 | Z7: =_xlfn.CONCAT("raw!AV",$V7,":BD",$V7) -> raw!AV4:BD4
B8: West Jakarta City | C8: =GHSL!C5 -> 125.47 | D8: =GHSL!$X5/1000000 -> 48.004584 | E8: =D8/C8 -> 0.3825981 | F8: 3.0028169 | G8: =GHSL!$N5/C8 -> 23932.549 | H8: =ROUND(AVERAGE(INDIRECT(_xlfn.CONCAT($B$20,"!",LEFT(H$20,2),$V8,RIGHT(H$20,3),$V8),TRUE)),2) -> 0.93 | I8: =ROUND(AVERAGE(INDIRECT(_xlfn.CONCAT($B$20,"!",LEFT(I$20,2),$V8,RIGHT(I$20,3),$V8),TRUE)),2) -> 0.08 | J8: =ROUND(AVERAGE(INDIRECT(_xlfn.CONCAT($B$20,"!",LEFT(J$20,2),$V8,RIGHT(J$20,3),$V8),TRUE)),2) -> 0.4 | K8: =ROUND(AVERAGE(INDIRECT(_xlfn.CONCAT($B$20,"!",LEFT(K$20,2),$V8,RIGHT(K$20,3),$V8),TRUE)),2) -> 3.15 | L8: =ROUND(AVERAGE(INDIRECT(_xlfn.CONCAT($B$20,"!",LEFT(L$20,2),$V8,RIGHT(L$20,3),$V8),TRUE)),2) -> 1.13 | M8: =ROUND(AVERAGE(INDIRECT(_xlfn.CONCAT($B$20,"!",LEFT(M$20,2),$V8,RIGHT(M$20,3),$V8),TRUE)),2) -> 1.08 | N8: =ROUND(AVERAGE(INDIRECT(_xlfn.CONCAT($B$20,"!",LEFT(N$20,2),$V8,RIGHT(N$20,3),$V8),TRUE)),2) -> 1.47 | V8: 5 | X8: =_xlfn.CONCAT("raw!BC",V8,":BD",V8) -> raw!BC5:BD5 | Z8: =_xlfn.CONCAT("raw!AV",$V8,":BD",$V8) -> raw!AV5:BD5
B9: North Jakarta City | C9: =GHSL!C6 -> 140.264 | D9: =GHSL!$X6/1000000 -> 45.598996 | E9: =D9/C9 -> 0.32509408 | F9: 2.0398893 | G9: =GHSL!$N6/C9 -> 14543.214 | H9: =ROUND(AVERAGE(INDIRECT(_xlfn.CONCAT($B$20,"!",LEFT(H$20,2),$V9,RIGHT(H$20,3),$V9),TRUE)),2) -> 1.1 | I9: =ROUND(AVERAGE(INDIRECT(_xlfn.CONCAT($B$20,"!",LEFT(I$20,2),$V9,RIGHT(I$20,3),$V9),TRUE)),2) -> 0.27 | J9: =ROUND(AVERAGE(INDIRECT(_xlfn.CONCAT($B$20,"!",LEFT(J$20,2),$V9,RIGHT(J$20,3),$V9),TRUE)),2) -> 0.73 | K9: =ROUND(AVERAGE(INDIRECT(_xlfn.CONCAT($B$20,"!",LEFT(K$20,2),$V9,RIGHT(K$20,3),$V9),TRUE)),2) -> 3.12 | L9: =ROUND(AVERAGE(INDIRECT(_xlfn.CONCAT($B$20,"!",LEFT(L$20,2),$V9,RIGHT(L$20,3),$V9),TRUE)),2) -> 0.79 | M9: =ROUND(AVERAGE(INDIRECT(_xlfn.CONCAT($B$20,"!",LEFT(M$20,2),$V9,RIGHT(M$20,3),$V9),TRUE)),2) -> 1.05 | N9: =ROUND(AVERAGE(INDIRECT(_xlfn.CONCAT($B$20,"!",LEFT(N$20,2),$V9,RIGHT(N$20,3),$V9),TRUE)),2) -> 1.3 | V9: 6 | X9: =_xlfn.CONCAT("raw!BC",V9,":BD",V9) -> raw!BC6:BD6 | Z9: =_xlfn.CONCAT("raw!AV",$V9,":BD",$V9) -> raw!AV6:BD6
A10: Inner suburbs | H10: =ROUND(AVERAGE(INDIRECT(_xlfn.CONCAT($B$20,"!",LEFT(H$20,2),$V10,RIGHT(H$20,3),$V10),TRUE)),2) -> 1.65 | I10: =ROUND(AVERAGE(INDIRECT(_xlfn.CONCAT($B$20,"!",LEFT(I$20,2),$V10,RIGHT(I$20,3),$V10),TRUE)),2) -> 0.44 | J10: =ROUND(AVERAGE(INDIRECT(_xlfn.CONCAT($B$20,"!",LEFT(J$20,2),$V10,RIGHT(J$20,3),$V10),TRUE)),2) -> 1.23 | K10: =ROUND(AVERAGE(INDIRECT(_xlfn.CONCAT($B$20,"!",LEFT(K$20,2),$V10,RIGHT(K$20,3),$V10),TRUE)),2) -> 3.73 | L10: =ROUND(AVERAGE(INDIRECT(_xlfn.CONCAT($B$20,"!",LEFT(L$20,2),$V10,RIGHT(L$20,3),$V10),TRUE)),2) -> 2.51 | M10: =ROUND(AVERAGE(INDIRECT(_xlfn.CONCAT($B$20,"!",LEFT(M$20,2),$V10,RIGHT(M$20,3),$V10),TRUE)),2) -> 1.57 | N10: =ROUND(AVERAGE(INDIRECT(_xlfn.CONCAT($B$20,"!",LEFT(N$20,2),$V10,RIGHT(N$20,3),$V10),TRUE)),2) -> 2.6
B11: Bogor City | C11: =GHSL!C9 -> 111.74 | D11: =GHSL!$X9/1000000 -> 28.748272 | E11: =D11/C11 -> 0.25727825 | F11: =GHSL!$N9/1000000 -> 1.3592905 | G11: =GHSL!$N9/C11 -> 12164.762 | H11: =ROUND(AVERAGE(INDIRECT(_xlfn.CONCAT($B$20,"!",LEFT(H$20,2),$V11,RIGHT(H$20,3),$V11),TRUE)),2) -> 1.84 | I11: =ROUND(AVERAGE(INDIRECT(_xlfn.CONCAT($B$20,"!",LEFT(I$20,2),$V11,RIGHT(I$20,3),$V11),TRUE)),2) -> 0.41 | J11: =ROUND(AVERAGE(INDIRECT(_xlfn.CONCAT($B$20,"!",LEFT(J$20,2),$V11,RIGHT(J$20,3),$V11),TRUE)),2) -> 1.7 | K11: =ROUND(AVERAGE(INDIRECT(_xlfn.CONCAT($B$20,"!",LEFT(K$20,2),$V11,RIGHT(K$20,3),$V11),TRUE)),2) -> 0.94 | L11: =ROUND(AVERAGE(INDIRECT(_xlfn.CONCAT($B$20,"!",LEFT(L$20,2),$V11,RIGHT(L$20,3),$V11),TRUE)),2) -> 2.15 | M11: =ROUND(AVERAGE(INDIRECT(_xlfn.CONCAT($B$20,"!",LEFT(M$20,2),$V11,RIGHT(M$20,3),$V11),TRUE)),2) -> 1.56 | N11: =ROUND(AVERAGE(INDIRECT(_xlfn.CONCAT($B$20,"!",LEFT(N$20,2),$V11,RIGHT(N$20,3),$V11),TRUE)),2) -> 1.76 | V11: 9 | X11: =_xlfn.CONCAT("raw!BC",V11,":BD",V11) -> raw!BC9:BD9 | Z11: =_xlfn.CONCAT("raw!AV",$V11,":BD",$V11) -> raw!AV9:BD9
B12: Bekasi City | C12: =GHSL!C10 -> 214.092 | D12: =GHSL!$X10/1000000 -> 73.476896 | E12: =D12/C12 -> 0.34320244 | F12: =GHSL!$N10/1000000 -> 3.693744 | G12: =GHSL!$N10/C12 -> 17253.069 | H12: =ROUND(AVERAGE(INDIRECT(_xlfn.CONCAT($B$20,"!",LEFT(H$20,2),$V12,RIGHT(H$20,3),$V12),TRUE)),2) -> 1.54 | I12: =ROUND(AVERAGE(INDIRECT(_xlfn.CONCAT($B$20,"!",LEFT(I$20,2),$V12,RIGHT(I$20,3),$V12),TRUE)),2) -> 0.3 | J12: =ROUND(AVERAGE(INDIRECT(_xlfn.CONCAT($B$20,"!",LEFT(J$20,2),$V12,RIGHT(J$20,3),$V12),TRUE)),2) -> 1.43 | K12: =ROUND(AVERAGE(INDIRECT(_xlfn.CONCAT($B$20,"!",LEFT(K$20,2),$V12,RIGHT(K$20,3),$V12),TRUE)),2) -> 9.75 | L12: =ROUND(AVERAGE(INDIRECT(_xlfn.CONCAT($B$20,"!",LEFT(L$20,2),$V12,RIGHT(L$20,3),$V12),TRUE)),2) -> 4.98 | M12: =ROUND(AVERAGE(INDIRECT(_xlfn.CONCAT($B$20,"!",LEFT(M$20,2),$V12,RIGHT(M$20,3),$V12),TRUE)),2) -> 2.68 | N12: =ROUND(AVERAGE(INDIRECT(_xlfn.CONCAT($B$20,"!",LEFT(N$20,2),$V12,RIGHT(N$20,3),$V12),TRUE)),2) -> 6.09 | V12: 10 | X12: =_xlfn.CONCAT("raw!BC",V12,":BD",V12) -> raw!BC10:BD10 | Z12: =_xlfn.CONCAT("raw!AV",$V12,":BD",$V12) -> raw!AV10:BD10
B13: Depok City | C13: =GHSL!C11 -> 199.732 | D13: =GHSL!$X11/1000000 -> 60.768568 | E13: =D13/C13 -> 0.30425054 | F13: =GHSL!$N11/1000000 -> 3.225676 | G13: =GHSL!$N11/C13 -> 16150.021 | H13: =ROUND(AVERAGE(INDIRECT(_xlfn.CONCAT($B$20,"!",LEFT(H$20,2),$V13,RIGHT(H$20,3),$V13),TRUE)),2) -> 1.9 | I13: =ROUND(AVERAGE(INDIRECT(_xlfn.CONCAT($B$20,"!",LEFT(I$20,2),$V13,RIGHT(I$20,3),$V13),TRUE)),2) -> 0.43 | J13: =ROUND(AVERAGE(INDIRECT(_xlfn.CONCAT($B$20,"!",LEFT(J$20,2),$V13,RIGHT(J$20,3),$V13),TRUE)),2) -> 1.58 | K13: =ROUND(AVERAGE(INDIRECT(_xlfn.CONCAT($B$20,"!",LEFT(K$20,2),$V13,RIGHT(K$20,3),$V13),TRUE)),2) -> 5.55 | L13: =ROUND(AVERAGE(INDIRECT(_xlfn.CONCAT($B$20,"!",LEFT(L$20,2),$V13,RIGHT(L$20,3),$V13),TRUE)),2) -> 4.51 | M13: =ROUND(AVERAGE(INDIRECT(_xlfn.CONCAT($B$20,"!",LEFT(M$20,2),$V13,RIGHT(M$20,3),$V13),TRUE)),2) -> 3.29 | N13: =ROUND(AVERAGE(INDIRECT(_xlfn.CONCAT($B$20,"!",LEFT(N$20,2),$V13,RIGHT(N$20,3),$V13),TRUE)),2) -> 4.57 | V13: 11 | X13: =_xlfn.CONCAT("raw!BC",V13,":BD",V13) -> raw!BC11:BD11 | Z13: =_xlfn.CONCAT("raw!AV",$V13,":BD",$V13) -> raw!AV11:BD11
B14: Tangerang City | C14: =GHSL!C13 -> 181.467 | D14: =GHSL!$X13/1000000 -> 54.506128 | E14: =D14/C14 -> 0.30036386 | F14: =GHSL!$N13/1000000 -> 2.6003941 | G14: =GHSL!$N13/C14 -> 14329.846 | H14: =ROUND(AVERAGE(INDIRECT(_xlfn.CONCAT($B$20,"!",LEFT(H$20,2),$V14,RIGHT(H$20,3),$V14),TRUE)),2) -> 1.21 | I14: =ROUND(AVERAGE(INDIRECT(_xlfn.CONCAT($B$20,"!",LEFT(I$20,2),$V14,RIGHT(I$20,3),$V14),TRUE)),2) -> 0.22 | J14: =ROUND(AVERAGE(INDIRECT(_xlfn.CONCAT($B$20,"!",LEFT(J$20,2),$V14,RIGHT(J$20,3),$V14),TRUE)),2) -> 0.66 | K14: =ROUND(AVERAGE(INDIRECT(_xlfn.CONCAT($B$20,"!",LEFT(K$20,2),$V14,RIGHT(K$20,3),$V14),TRUE)),2) -> 4.04 | L14: =ROUND(AVERAGE(INDIRECT(_xlfn.CONCAT($B$20,"!",LEFT(L$20,2),$V14,RIGHT(L$20,3),$V14),TRUE)),2) -> 3.05 | M14: =ROUND(AVERAGE(INDIRECT(_xlfn.CONCAT($B$20,"!",LEFT(M$20,2),$V14,RIGHT(M$20,3),$V14),TRUE)),2) -> 2.13 | N14: =ROUND(AVERAGE(INDIRECT(_xlfn.CONCAT($B$20,"!",LEFT(N$20,2),$V14,RIGHT(N$20,3),$V14),TRUE)),2) -> 3.15 | V14: 13 | X14: =_xlfn.CONCAT("raw!BC",V14,":BD",V14) -> raw!BC13:BD13 | Z14: =_xlfn.CONCAT("raw!AV",$V14,":BD",$V14) -> raw!AV13:BD13
B15: South Tangerang City | C15: =GHSL!C14 -> 164.396 | D15: =GHSL!$X14/1000000 -> 49.95371 | E15: =D15/C15 -> 0.30386208 | F15: =GHSL!$N14/1000000 -> 1.8975224 | G15: =GHSL!$N14/C15 -> 11542.388 | H15: =ROUND(AVERAGE(INDIRECT(_xlfn.CONCAT($B$20,"!",LEFT(H$20,2),$V15,RIGHT(H$20,3),$V15),TRUE)),2) -> 1.53 | I15: =ROUND(AVERAGE(INDIRECT(_xlfn.CONCAT($B$20,"!",LEFT(I$20,2),$V15,RIGHT(I$20,3),$V15),TRUE)),2) -> 0.32 | J15: =ROUND(AVERAGE(INDIRECT(_xlfn.CONCAT($B$20,"!",LEFT(J$20,2),$V15,RIGHT(J$20,3),$V15),TRUE)),2) -> 1.14 | K15: =ROUND(AVERAGE(INDIRECT(_xlfn.CONCAT($B$20,"!",LEFT(K$20,2),$V15,RIGHT(K$20,3),$V15),TRUE)),2) -> 3.43 | L15: =ROUND(AVERAGE(INDIRECT(_xlfn.CONCAT($B$20,"!",LEFT(L$20,2),$V15,RIGHT(L$20,3),$V15),TRUE)),2) -> 3.44 | M15: =ROUND(AVERAGE(INDIRECT(_xlfn.CONCAT($B$20,"!",LEFT(M$20,2),$V15,RIGHT(M$20,3),$V15),TRUE)),2) -> 1.71 | N15: =ROUND(AVERAGE(INDIRECT(_xlfn.CONCAT($B$20,"!",LEFT(N$20,2),$V15,RIGHT(N$20,3),$V15),TRUE)),2) -> 3.05 | V15: 14 | X15: =_xlfn.CONCAT("raw!BC",V15,":BD",V15) -> raw!BC14:BD14 | Z15: =_xlfn.CONCAT("raw!AV",$V15,":BD",$V15) -> raw!AV14:BD14
A16: Outer suburbs | H16: =ROUND(AVERAGE(INDIRECT(_xlfn.CONCAT($B$20,"!",LEFT(H$20,2),$V16,RIGHT(H$20,3),$V16),TRUE)),2) -> 1.65 | I16: =ROUND(AVERAGE(INDIRECT(_xlfn.CONCAT($B$20,"!",LEFT(I$20,2),$V16,RIGHT(I$20,3),$V16),TRUE)),2) -> 0.44 | J16: =ROUND(AVERAGE(INDIRECT(_xlfn.CONCAT($B$20,"!",LEFT(J$20,2),$V16,RIGHT(J$20,3),$V16),TRUE)),2) -> 1.23 | K16: =ROUND(AVERAGE(INDIRECT(_xlfn.CONCAT($B$20,"!",LEFT(K$20,2),$V16,RIGHT(K$20,3),$V16),TRUE)),2) -> 3.73 | L16: =ROUND(AVERAGE(INDIRECT(_xlfn.CONCAT($B$20,"!",LEFT(L$20,2),$V16,RIGHT(L$20,3),$V16),TRUE)),2) -> 2.51 | M16: =ROUND(AVERAGE(INDIRECT(_xlfn.CONCAT($B$20,"!",LEFT(M$20,2),$V16,RIGHT(M$20,3),$V16),TRUE)),2) -> 1.57 | N16: =ROUND(AVERAGE(INDIRECT(_xlfn.CONCAT($B$20,"!",LEFT(N$20,2),$V16,RIGHT(N$20,3),$V16),TRUE)),2) -> 2.6
B17: Bogor Regency | C17: =GHSL!C7 -> 2993.32 | D17: =GHSL!$X7/1000000 -> 178.99097 | E17: =D17/C17 -> 0.059796803 | F17: =GHSL!$N7/1000000 -> 6.1805933 | G17: =GHSL!$N7/C17 -> 2064.7954 | H17: =ROUND(AVERAGE(INDIRECT(_xlfn.CONCAT($B$20,"!",LEFT(H$20,2),$V17,RIGHT(H$20,3),$V17),TRUE)),2) -> 3.73 | I17: =ROUND(AVERAGE(INDIRECT(_xlfn.CONCAT($B$20,"!",LEFT(I$20,2),$V17,RIGHT(I$20,3),$V17),TRUE)),2) -> 1.14 | J17: =ROUND(AVERAGE(INDIRECT(_xlfn.CONCAT($B$20,"!",LEFT(J$20,2),$V17,RIGHT(J$20,3),$V17),TRUE)),2) -> 3.15 | K17: =ROUND(AVERAGE(INDIRECT(_xlfn.CONCAT($B$20,"!",LEFT(K$20,2),$V17,RIGHT(K$20,3),$V17),TRUE)),2) -> 2.7 | L17: =ROUND(AVERAGE(INDIRECT(_xlfn.CONCAT($B$20,"!",LEFT(L$20,2),$V17,RIGHT(L$20,3),$V17),TRUE)),2) -> 2.85 | M17: =ROUND(AVERAGE(INDIRECT(_xlfn.CONCAT($B$20,"!",LEFT(M$20,2),$V17,RIGHT(M$20,3),$V17),TRUE)),2) -> 1 | N17: =ROUND(AVERAGE(INDIRECT(_xlfn.CONCAT($B$20,"!",LEFT(N$20,2),$V17,RIGHT(N$20,3),$V17),TRUE)),2) -> 2.39 | V17: 7 | X17: =_xlfn.CONCAT("raw!BC",V17,":BD",V17) -> raw!BC7:BD7 | Z17: =_xlfn.CONCAT("raw!AV",$V17,":BD",$V17) -> raw!AV7:BD7
B18: Bekasi Regency | C18: =GHSL!C10 -> 214.092 | D18: =GHSL!$X8/1000000 -> 131.83738 | E18: =D18/C18 -> 0.61579779 | F18: =GHSL!$N8/1000000 -> 3.7225789 | G18: =GHSL!$N8/C18 -> 17387.753 | H18: =ROUND(AVERAGE(INDIRECT(_xlfn.CONCAT($B$20,"!",LEFT(H$20,2),$V18,RIGHT(H$20,3),$V18),TRUE)),2) -> 2.15 | I18: =ROUND(AVERAGE(INDIRECT(_xlfn.CONCAT($B$20,"!",LEFT(I$20,2),$V18,RIGHT(I$20,3),$V18),TRUE)),2) -> 1.33 | J18: =ROUND(AVERAGE(INDIRECT(_xlfn.CONCAT($B$20,"!",LEFT(J$20,2),$V18,RIGHT(J$20,3),$V18),TRUE)),2) -> 2.19 | K18: =ROUND(AVERAGE(INDIRECT(_xlfn.CONCAT($B$20,"!",LEFT(K$20,2),$V18,RIGHT(K$20,3),$V18),TRUE)),2) -> 2.93 | L18: =ROUND(AVERAGE(INDIRECT(_xlfn.CONCAT($B$20,"!",LEFT(L$20,2),$V18,RIGHT(L$20,3),$V18),TRUE)),2) -> 4.26 | M18: =ROUND(AVERAGE(INDIRECT(_xlfn.CONCAT($B$20,"!",LEFT(M$20,2),$V18,RIGHT(M$20,3),$V18),TRUE)),2) -> 1.06 | N18: =ROUND(AVERAGE(INDIRECT(_xlfn.CONCAT($B$20,"!",LEFT(N$20,2),$V18,RIGHT(N$20,3),$V18),TRUE)),2) -> 3.16 | V18: 8 | X18: =_xlfn.CONCAT("raw!BC",V18,":BD",V18) -> raw!BC8:BD8 | Z18: =_xlfn.CONCAT("raw!AV",$V18,":BD",$V18) -> raw!AV8:BD8
B19: Tangerang Regency | C19: =GHSL!C12 -> 1026.623 | D19: =GHSL!$X12/1000000 -> 113.99801 | E19: =D19/C19 -> 0.11104174 | F19: =GHSL!$N12/1000000 -> 4.5350723 | G19: =GHSL!$N12/C19 -> 4417.4661 | H19: =ROUND(AVERAGE(INDIRECT(_xlfn.CONCAT($B$20,"!",LEFT(H$20,2),$V19,RIGHT(H$20,3),$V19),TRUE)),2) -> 2.85 | I19: =ROUND(AVERAGE(INDIRECT(_xlfn.CONCAT($B$20,"!",LEFT(I$20,2),$V19,RIGHT(I$20,3),$V19),TRUE)),2) -> 1 | J19: =ROUND(AVERAGE(INDIRECT(_xlfn.CONCAT($B$20,"!",LEFT(J$20,2),$V19,RIGHT(J$20,3),$V19),TRUE)),2) -> 2.11 | K19: =ROUND(AVERAGE(INDIRECT(_xlfn.CONCAT($B$20,"!",LEFT(K$20,2),$V19,RIGHT(K$20,3),$V19),TRUE)),2) -> 3.64 | L19: =ROUND(AVERAGE(INDIRECT(_xlfn.CONCAT($B$20,"!",LEFT(L$20,2),$V19,RIGHT(L$20,3),$V19),TRUE)),2) -> 3.88 | M19: =ROUND(AVERAGE(INDIRECT(_xlfn.CONCAT($B$20,"!",LEFT(M$20,2),$V19,RIGHT(M$20,3),$V19),TRUE)),2) -> 1.73 | N19: =ROUND(AVERAGE(INDIRECT(_xlfn.CONCAT($B$20,"!",LEFT(N$20,2),$V19,RIGHT(N$20,3),$V19),TRUE)),2) -> 3.33 | V19: 12 | X19: =_xlfn.CONCAT("raw!BC",V19,":BD",V19) -> raw!BC12:BD12 | Z19: =_xlfn.CONCAT("raw!AV",$V19,":BD",$V19) -> raw!AV12:BD12
A20: col_refs | B20: GHSL | C20: B | D20: W | F20: M | H20: BF:BG | I20: BM:BN | J20: BF:BN | K20: AW:AX | L20: AZ:BC | M20: BD:BE | N20: AW:BE
A26: GPRD Indonesia per Province | B26: 2023 (in billion IDR) | D26: population
A27: Jabodetabek | B27: =4550.01*1000 -> 4550010 | C27: =B27/B34 -> 0.22159253 | D27: 32281430 | E27: =D27/D34 -> 0.11327865
A28: Sumatra | B28: 4520134
A29: Java | B29: 11713356
A30: Bali & Nusa Tenggara | B30: 569274
A31: Kalimantan | B31: 1743461
A32: Sulawesi | B32: 1457789
A33: Maluku & Papua | B33: 529214
A34: TOTAL | B34: =SUM(B28:B33) -> 20533228 | D34: 284973643

Sheet GHSL
A1: Region | B1: GID_2 | C1: area_km2 | D1: Population_1980 | E1: Population_1985 | F1: Population_1990 | G1: Population_1995 | H1: Population_2000 | I1: Population_2005 | J1: Population_2010 | K1: Population_2015 | L1: Population_2020 | M1: Population_2025 | N1: Population_2030 | O1: BuiltUp_1980 | P1: BuiltUp_1985 | Q1: BuiltUp_1990 | R1: BuiltUp_1995 | S1: BuiltUp_2000 | T1: BuiltUp_2005 | U1: BuiltUp_2010 | V1: BuiltUp_2015 | W1: BuiltUp_2020 | X1: BuiltUp_2025 | Y1: BuiltUp_2030 | Z1: geometry | AA1: Pop_density_1980 | AB1: BU_density_1980 | AC1: Pop_density_1985 | AD1: BU_density_1985 | AE1: Pop_density_1990 | AF1: BU_density_1990 | AG1: Pop_density_1995 | AH1: BU_density_1995 | AI1: Pop_density_2000 | AJ1: BU_density_2000 | AK1: Pop_density_2005 | AL1: BU_density_2005 | AM1: Pop_density_2010 | AN1: BU_density_2010 | AO1: Pop_density_2015 | AP1: BU_density_2015 | AQ1: Pop_density_2020 | AR1: BU_density_2020 | AS1: Pop_density_2025 | AT1: BU_density_2025 | AU1: Pop_density_2030 | AV1: BU_density_2030 | AW1: Population_1980_to_1985_pct_change | AX1: Population_1985_to_1990_pct_change | AY1: Population_1990_to_1995_pct_change | AZ1: Population_1995_to_2000_pct_change | BA1: Population_2000_to_2005_pct_change | BB1: Population_2005_to_2010_pct_change | BC1: Population_2010_to_2015_pct_change | BD1: Population_2015_to_2020_pct_change | BE1: Population_2020_to_2025_pct_change | BF1: Population_2025_to_2030_pct_change | BG1: BuiltUp_1980_to_1985_pct_change | BH1: BuiltUp_1985_to_1990_pct_change | BI1: BuiltUp_1990_to_1995_pct_change | BJ1: BuiltUp_1995_to_2000_pct_change | BK1: BuiltUp_2000_to_2005_pct_change | BL1: BuiltUp_2005_to_2010_pct_change | BM1: BuiltUp_2010_to_2015_pct_change | BN1: BuiltUp_2015_to_2020_pct_change | BO1: BuiltUp_2020_to_2025_pct_change | BP1: BuiltUp_2025_to_2030_pct_change | BQ1: inc_20QTL | BR1: inc_40QTL | BS1: inc_60QTL | BT1: inc_80QTL | BU1: inc_100QTL | BV1: inc_total
A2: South Jakarta City | B2: IDN.7.3_1 | C2: 144.813 | D2: 1337682.9 | E2: 1550211.4 | F2: 1789282.7 | G2: 1804221.6 | H2: 1803292.6 | I2: 1916029.3 | J2: 2034290.2 | K2: 2129527.9 | L2: 2231248.6 | M2: 2363253 | N2: 2541613 | O2: 52427983 | P2: 53174407 | Q2: 53998958 | R2: 54819268 | S2: 55700757 | T2: 55837289 | U2: 55979757 | V2: 56107711 | W2: 56185188 | X2: 56194907 | Y2: 56204808 | Z2: POLYGON ((701679.8753645415 9314041.040531633, 701730.6315176925 9314030.325867828, 701765.6227672955 9314025.040518364, 701909.2203281845 9313991.654087376, 701973.6474841463 9313974.952928873, 702025.7332036326 9313964.642616436, 702075.7890368915 9313953.067351691, 702100.2191671961 9313947.25411124, 702142.3347737924 9313937.685876392, 702174.8389622085 9313930.163655968, 702203.130014752 9313923.784058204, 702203.1071536036 9313923.57399773, 702230.7123886428 9313917.318409113, 702280.788190475 9313905.123518443, 702348.2957964251 9313889.439840283, 702382.7291309421 9313882.86198979, 702407.514110339 9313877.24645854, 702430.329388199 9313871.770434758, 702473.148366745 9313863.969098797, 702501.8688441539 9313856.946376264, 702528.0249863907 9313850.950012874, 702561.7848609234 9313844.872069936, 702614.1084475298 9313836.152986627, 702695.13534799 9313825.056278326, 702750.4787285416 9313818.992081769, 702924.1257516125 9313791.714654721, 702924.0572747451 9313791.117651487, 702924.6118388159 9313791.447532307, 702993.0722579167 9313782.45102947, 702998.9903997014 9313781.446198998, 703036.1279394391 9313775.887142811, 703080.8668478818 9313769.560711812, 703090.1477282525 9313767.958042953, 703124.7491278312 9313761.97636984, 703165.26376938 9313756.7705052, 703206.6197961723 9313751.616994368, 703246.2861158752 9313744.356845567, 703274.9761450267 9313738.14118697, 703306.1900413593 9313728.808893204, 703338.4080810368 9313718.588294923, 703361.4453902221 9313710.124886898, 703407.3427489841 9313693.154412618, 703430.1681735448 9313684.238245426, 703436.7696061557 9313679.194082305, 703436.9020805991 9313679.094082288, 703458.0645492751 9313672.594759688, 703460.5302133566 9313671.845179906, 703500.171233177 9313657.307417313, 703521.8650109188 9313650.817282848, 703643.8929872182 9313605.699853092, 703674.6906304756 9313594.455382373, 703760.7366053391 9313562.557765003, 703805.7928907012 9313545.667253619, 703805.8815141593 9313545.689065566, 703843.7868132956 9313531.765357925, 703867.4320154265 9313523.078391671, 703904.3865747682 9313509.489744939, 703927.0917280504 9313501.027220974, 703943.1975596643 9313495.020864833, 703955.9650301158 9313490.253788076, 703955.6289008122 9313489.082591092, 703956.981506167 9313489.730427703, 704025.1018130884 9313465.747360317, 704121.4943345953 9313433.215832653, 704121.4271927682 9313433.005925126, 704143.1840921394 9313425.597309116, 704187.3502176378 9313410.57869356, 704222.1192870783 9313398.755970582, 704222.1410768029 9313398.656353936, 704222.1846177154 9313398.446060691, 704222.5281208658 9313398.555464359, 704261.507770601 9313384.871005654, 704282.9766743171 9313383.75651784, 704283.7177501086 9313383.610153252, 704313.2510231615 9313378.02138586, 704340.265270843 9313376.920721002, 704365.6087474579 9313379.154956652, 704366.6834157285 9313379.449830985, 704378.7569448008 9313378.832597367, 704400.3859559501 9313388.711235367, 704406.1803207332 9313390.305796571, 704434.9386233398 9313403.698784856, 704437.4912064495 9313405.658575935, 704437.5355569229 9313405.680541392, 704441.2979062195 9313408.587279703, 704465.4253971984 9313427.117236115, 704485.7384427116 9313440.495433215, 704494.2135701103 9313449.059553204, 704494.1584985723 9313449.137166034, 704494.0262574117 9313449.303528892, 704494.8475142329 9313449.931088533, 704494.5502514103 9313450.385589674, 704498.9765142046 9313453.234708805, 704500.9860586153 9313454.997311598, 704507.7735451625 9313458.88889973, 704533.4103037778 9313475.367455952, 704568.4600790079 9313493.217782488, 704578.9716768344 9313498.567359185, 704589.209041208 9313495.114052823, 704589.7988683619 9313496.029982092, 704603.5369845445 9313490.297131713, 704650.1468998198 9313474.594949575, 704657.6756800723 9313472.058015445, 704682.7960378969 9313454.749704162, 704694.9532022376 9313446.378983147, 704719.2239778955 9313417.17294197, 704732.9135201112 9313400.711916925, 704752.1030458546 9313377.61772353, 704761.2692841669 9313371.723836133, 704798.2653824744 9313347.892726595, 704798.3316378612 9313347.848254573, 704800.8275152412 9313346.246874975, 704819.910841672 9313333.947687093, 704833.4834354939 9313325.206992034, 704854.3216175819 9313314.638091955, 704864.956979391 9313311.06166997, 704892.3396248638 9313304.517872846, 704948.2882915557 9313291.16065241, 704960.8626183353 9313288.152553773, 704980.7458019886 9313279.865323843, 705030.9037667019 9313246.996089563, 705079.3279043384 9313215.260997666, 705108.2076750163 9313190.584285084, 705158.8493480657 9313147.327737365, 705169.6157356113 9313127.448149312, 705173.7647703964 9313117.501616465, 705176.5767691019 9313114.516590666, 705176.3879491822 9313114.329229783, 705190.8156983354 9313096.958519325, 705243.2322782144 9313080.140426708, 705263.5342010435 9313074.506033178, 705314.4437426996 9313060.358640231, 705401.4761580583 9313038.607865233, 705410.9210098261 9313036.440132728, 705448.954830253 9313027.724052316, 705488.5145950459 9313005.96267036, 705526.0985614636 9312976.300176136, 705544.1489524199 9312950.433483094, 705559.3735670954 9312926.77767, 705560.0009659876 9312925.780053549, 705590.3120902447 9312876.975766612, 705584.6922342794 9312874.650744483, 705584.923037458 9312874.185407488, 705598.3809551862 9312858.056683961, 705604.2269522664 9312839.676291801, 705603.3331766067 9312824.703974273, 705598.2274351886 9312814.336413592, 705589.7580650974 9312807.453554112, 705568.634394588 9312802.838217463, 705547.1255532469 9312798.854655353, 705532.1057056754 9312805.156372016, 705501.5473933638 9312786.68257878, 705500.9151432809 9312786.2976926, 705471.5193365611 9312742.680082733, 705463.3810053263 9312729.193139851, 705447.5389969341 9312706.221503174, 705433.0905568023 9312679.794208292, 705418.6217891595 9312647.571466396, 705416.5948397693 9312640.854008587, 705407.5127363511 9312610.746973284, 705394.6941455876 9312569.338519359, 705387.0003165677 9312540.575952822, 705386.9519936246 9312526.806237638, 705389.4422104228 9312514.144688427, 705394.4259714524 9312492.924892135, 705409.5518551213 9312469.557006868, 705434.7777918559 9312441.519453712, 705459.1652395342 9312411.106893362, 705472.6263779182 9312395.929336302, 705490.3128022897 9312383.10380842, 705503.8066723283 9312377.249835972, 705522.3668622549 9312373.700697217, 705543.4824538107 9312376.059759652, 705554.4950507918 9312385.400087487, 705563.8499968719 9312401.780498924, 705569.8899149569 9312413.416687915, 705570.5761046626 9312413.403217092, 705588.7204667872 9312455.312779255, 705617.0237254866 9312496.688943531, 705637.6995977133 9312515.639775546, 705646.170568246 9312519.834992513, 705650.7030307378 9312521.400669273, 705661.3102408013 9312522.458351558, 705668.3674952202 9312521.216933096, 705691.318851102 9312510.507452846, 705706.0671673242 9312499.406508856, 705712.0349396006 9312493.656365361, 705733.8295460849 9312471.901820662, 705758.2223530468 9312446.189646585, 705769.3158351914 9312434.448978709, 705778.1732608802 9312422.638749532, 705789.4174235833 9312419.126313113, 705791.063048196 9312418.114050074, 705805.4023815517 9312413.473647224, 705810.7006337796 9312412.481717128, 705813.022430583 9312411.75463955, 705815.3130844891 9312411.61386058, 705823.9627887007 9312409.97971108, 705833.9812754171 9312410.442178408, 705847.8579407568 9312409.574910797, 705856.5152145727 9312413.238553625, 705866.209011373 9312415.792531248, 705887.3452546849 9312424.00223969, 705904.3242119414 9312433.465310724, 705904.4794006003 9312433.531125726, 705905.144895138 9312433.926950457, 705927.1144089013 9312446.170681635, 706000.7303144289 9312487.099701993, 706018.1424561499 9312496.981513092, 706083.0541362478 9312527.168483935, 706115.79089122 9312538.732759967, 706129.7182260263 9312539.668066243, 706157.0957999781 9312538.067449454, 706177.2404253967 9312534.96599372, 706188.366838731 9312526.299844576, 706189.266564871 9312524.062515536, 706189.7558728495 9312515.290057631, 706189.763747608 9312511.241998795, 706180.669472346 9312493.511367738, 706176.8109427257 9312488.459393028, 706153.4871637783 9312462.56116825, 706132.3028401707 9312443.866648493, 706104.3614192494 9312420.49534447, 706084.8787080823 9312404.10640247, 706066.2331037412 9312386.553189434, 706058.6115177115 9312378.406551646, 706053.3506977253 9312371.169595418, 706039.4996696014 9312357.315717172, 706022.34112898 9312325.146756858, 706000.9008356038 9312296.59849352, 705967.8296662465 9312259.165610448, 705961.4497325192 9312251.57866655, 705950.2178929411 9312239.717453165, 705945.1304107187 9312231.407046832, 705936.4440272979 9312219.470510434, 705921.1649472116 9312196.098834902, 705893.9867764543 9312150.527023993, 705876.1441916659 9312118.946658297, 705858.2956665477 9312085.674106436, 705850.6939574536 9312073.722690566, 705843.5038227644 9312065.497105425, 705816.3279463837 9312017.403564952, 705810.7323350388 9312009.371450527, 705807.3142428068 9311997.361070104, 705806.7976740813 9311995.250394741, 705804.3084609683 9311989.286660867, 705804.3048938022 9311985.12804787, 705803.0247544604 9311979.912150806, 705805.5075872005 9311965.193380829, 705814.7437404122 9311947.807459338, 705825.679398726 9311938.434179887, 705847.5964364853 9311926.38991794, 705851.0568274383 9311925.260658113, 705856.5675961421 9311921.768361846, 705896.575859975 9311911.341530278, 705904.9573597112 9311909.000438415, 705905.7762062966 9311908.942253996, 705906.66083849 9311908.706875013, 705907.9450137502 9311908.779774088, 705923.5251967008 9311907.663129253, 705934.21544382 9311910.324164277, 705943.6807969558 9311910.888077118, 705957.3119223742 9311922.044031316, 705962.4359955268 9311925.034352725, 705970.803612777 9311931.32024372, 705972.5318389856 9311931.767623672, 705972.3683882422 9311932.498171577, 705978.5164588018 9311937.11073221, 705987.8798091679 9311955.846882557, 705992.1721976838 9311977.244280428, 705992.2335196006 9311994.652795702, 705981.3386083532 9312018.736012584, 705965.4091430944 9312049.539426375, 705957.0300799629 9312068.293824058, 705952.8397437569 9312079.014836796, 705954.5803365569 9312092.402588524, 705969.0206131681 9312116.451877067, 705989.3527646167 9312135.215768715, 706006.2619243164 9312140.586768148, 706067.9295543545 9312148.587264545, 706093.2696483207 9312149.924750973, 706115.2152045295 9312145.954236388, 706124.4777909975 9312139.219119802, 706136.2233424325 9312117.820495252, 706149.5678573352 9312069.617380612, 706160.4439325437 9312040.203167515, 706175.5226517194 9312006.715040676, 706187.2445143533 9311978.613995818, 706196.4741874406 9311962.5552271, 706211.6252759448 9311946.464513661, 706236.0139378227 9311919.701302059, 706254.5032175444 9311892.947823398, 706277.1842458392 9311862.175752075, 706299.880921216 9311832.708713194, 706329.3497623341 9311805.927508395, 706347.842020161 9311783.17775953, 706367.1958395027 9311763.068348465, 706381.4757990749 9311741.660675185, 706389.8405297622 9311718.902414365, 706396.4881643885 9311689.447726326, 706394.7207146478 9311665.353771098, 706392.102831061 9311654.31386596, 706388.7206006564 9311639.958597206, 706375.985960432 9311622.539493918, 706352.3063533473 9311611.817278566, 706322.735371621 9311606.491113866, 706299.9347123734 9311606.460996745, 706275.010813487 9311613.229328837, 706270.3997523224 9311614.473284863, 706243.3916768986 9311617.156682458, 706220.5959008241 9311618.509040907, 706207.9244864502 9311615.855059888, 706196.921142051 9311609.147159074, 706185.9036370408 9311598.424455147, 706185.0200498886 9311586.405137468, 706184.9774412127 9311574.327551926, 706187.4545544117 9311558.027141284, 706192.4208923368 9311550.820490649, 706192.4869495863 9311550.720715804, 706203.4136404411 9311535.706654016, 706222.7296059676 9311504.891139032, 706246.2399557953 9311467.679070892, 706270.613873323 9311433.682454374, 706295.8138580099 9311395.413663074, 706310.0793745025 9311369.946940675, 706319.2792279093 9311345.493518626, 706321.7124904646 9311316.794750093, 706323.1771008767 9311255.139985261, 706324.2499010938 9311220.440326829, 706324.697800743 9311206.237438831, 706327.9647797438 9311175.434281623, 706328.7271445023 9311153.12314999, 706328.6453684323 9311129.974424297, 706322.6869586975 9311116.38035799, 706311.6464873736 9311096.013277698, 706302.3011213465 9311082.386935404, 706283.6664081821 9311064.72325027, 706259.9418535652 9311044.345669368, 706232.8526512494 9311023.979966389, 706209.994700331 9311007.658408586, 706193.8946446385 9310989.996819278, 706176.0852894918 9310970.969798999, 706160.8072447813 9310947.874746354, 706151.4491819949 9310927.501720838, 706148.8570610672 9310911.208140599, 706155.5461449199 9310893.521385418, 706164.7904972846 9310878.557474244, 706179.9294489854 9310862.267639825, 706206.0479069573 9310845.972200133, 706226.6781668336 9310833.257517, 706234.6961440685 9310828.318462713, 706272.6111395665 9310805.190342367, 706305.4729101161 9310783.451512761, 706333.2641733456 9310764.473511912, 706356.8478444518 9310748.142697137, 706378.7059289783 9310719.585375167, 706423.2585354868 9310661.151562661, 706434.2104831719 9310647.09953427, 706451.8394170734 9310624.49645646, 706469.4502473753 9310590.52352913, 706488.7160109647 9310545.683598906, 706491.3703193642 9310532.601027435, 706494.5252950629 9310517.12767629, 706495.3136566816 9310502.204650167, 706491.8903562728 9310488.767537475, 706481.7047732758 9310475.409656182, 706463.945646314 9310467.453839654, 706436.0621590526 9310463.43809647, 706399.7872869149 9310471.419177229, 706378.6758308427 9310470.078144083, 706371.0579976703 9310466.090230364, 706366.7970529693 9310456.770481188, 706366.7170561693 9310434.152629405, 706375.901008039 9310402.156129368, 706389.3381535495 9310383.54955781, 706410.3520600803 9310354.198825246, 706429.6667222574 9310335.715224126, 706442.3299220968 9310323.603716463, 706464.2039973899 9310299.636231765, 706478.4884572881 9310279.655157173, 706491.9064697524 9310255.662283188, 706502.7681488337 9310222.398927273, 706522.8353999279 9310166.418453556, 706536.1607848266 9310113.160531607, 706543.6401040097 9310081.16999546, 706546.8665924941 9310035.911189687, 706544.2282086266 9310006.599880094, 706537.4437853452 9309997.289082322, 706526.4407891235 9309990.625559872, 706510.3876263236 9309989.310949966, 706498.5905651413 9309995.94462278, 706468.2812803399 9310022.585422412, 706450.6352458097 9310046.537974117, 706430.525609529 9310090.540351355, 706412.1546108536 9310150.463269925, 706392.0934901258 9310205.072187228, 706373.6563315581 9310246.325661756, 706364.3892373675 9310251.678410882, 706339.0641133684 9310254.356091399, 706313.7294843907 9310254.34616274, 706279.9263600769 9310247.652625114, 706237.6284410543 9310223.702004137, 706209.6886111477 9310203.704396073, 706191.0413093698 9310182.41306658, 706172.3641076824 9310155.790823106, 706157.0407101425 9310119.832972996, 706152.884469796 9310108.809583789, 706137.4328963088 9310067.897218343, 706122.9176450532 9310022.590645434, 706110.9322738411 9309975.95896831, 706102.3885742797 9309947.984744176, 706097.2380613447 9309924.953495482, 706088.0762983204 9309894.338070352, 706085.2762058406 9309884.968919992, 706077.5580719248 9309849.448725231, 706070.6885148385 9309819.157005783, 706065.5172889938 9309790.263928713, 706063.7304035974 9309760.68421603, 706061.0415247179 9309717.02806034, 706062.6009558908 9309682.271404412, 706061.6787067316 9309659.33581397, 706063.2357401741 9309620.774456907, 706063.1089103762 9309584.90668133, 706063.8558765394 9309558.271081343, 706063.8502053707 9309556.667372568, 706063.8436737327 9309554.82034246, 706063.8426568294 9309554.532780886, 706063.7701036017 9309534.016368562, 706064.492419478 9309500.412929554, 706064.4107462334 9309477.31952263, 706062.6465889467 9309454.176765164, 706059.225808959 9309441.425394025, 706051.5240221275 9309413.658354055, 706035.328370752 9309371.996566536, 706023.3771600527 9309335.009293139, 706012.291389737 9309304.887342807, 706007.1353763988 9309277.166604681, 706006.1918269868 9309248.214346813, 706006.1099511988 9309225.065644493, 706017.7993848431 9309188.05005715, 706019.309188195 9309183.089747757, 706025.3351730125 9309159.510208737, 706017.5078680604 9309158.830046026, 706037.8968561473 9309131.295441404, 706052.1040351505 9309102.068366786, 706067.2338562331 9309080.237293458, 706085.7283701982 9309058.438545085, 706099.1521394629 9309033.029988479, 706121.8231118333 9308996.716508716, 706149.5693476296 9308962.17679409, 706173.9419523616 9308931.343112841, 706191.6047949628 9308912.245939802, 706213.4827049648 9308889.539258735, 706224.4169126078 9308876.847644458, 706231.988163494 9308867.740389049, 706233.638303327 9308858.665169777, 706230.2240218518 9308847.760837425, 706214.9862165342 9308835.947214318, 706174.4960553306 9308819.046860162, 706158.30935785 9308814.304061195, 706053.0997160237 9308761.100976406, 706039.9116505411 9308756.148452736, 706036.4351399504 9308752.665736165, 706029.5276161144 9308749.173044538, 706029.237812134 9308745.468903376, 706027.1941432152 9308743.430000689, 706022.9023613991 9308722.24278986, 706022.8273069869 9308701.040652428, 706026.9241820793 9308667.17087655, 706028.9311345522 9308661.96547723, 706029.5236764401 9308657.395516662, 706034.5020193469 9308647.423710745, 706056.2156508383 9308590.851317616, 706083.817783702 9308518.818001453, 706098.8145578583 9308459.493242122, 706098.754571239 9308442.560280427, 706080.7576486887 9308407.91711312, 706078.8561388645 9308405.391062422, 706060.5532458664 9308387.472006816, 706059.7767994178 9308386.988108246, 706033.9677094612 9308374.647858068, 705990.1291791799 9308359.086568864, 705985.8087978638 9308357.951607337, 705955.5083463185 9308352.440317117, 705952.7264212235 9308351.322026726, 705924.2247422049 9308347.452322545, 705912.5771500336 9308352.43746254, 705899.2476745478 9308373.167209234, 705890.3713336838 9308429.417590713, 705884.4465437776 9308475.305179335, 705874.0865213848 9308534.524928752, 705872.3959893316 9308541.576252624, 705867.8434459959 9308571.797743775, 705859.1448361466 9308596.979393233, 705857.803449947 9308602.613775836, 705842.9947463608 9308658.87404747, 705829.6755918252 9308682.5567814, 705804.5123805825 9308686.992426353, 705774.9070317454 9308684.033441434, 705773.963125636 9308686.270936448, 705774.3537737379 9308684.068578217, 705774.4274142155 9308679.854387047, 705728.0089820529 9308667.122323243, 705683.1726648579 9308641.698609388, 705580.8067034538 9308537.906659778, 705556.6175143745 9308501.615208771, 705533.0045220747 9308440.447391702, 705516.300930647 9308364.523018805, 705512.2650025507 9308306.062147025, 705514.0958170929 9308260.399285885, 705514.2783037566 9308255.66488716, 705521.3384997617 9308233.486412313, 705526.382871948 9308223.40382844, 705537.2946075144 9308213.765034897, 705583.756773341 9308226.463796668, 705653.9863021916 9308268.830375716, 705695.7256352662 9308298.00331982, 705723.9535777438 9308312.115822976, 705751.1651499829 9308311.101577327, 705809.6337804686 9308291.948619902, 705836.3763154235 9308270.983406384, 705861.537377739 9308222.218448317, 705863.0571589782 9308198.201390289, 705855.6093523703 9308182.754544761, 705855.4849094173 9308181.991831986, 705854.9739290907 9308181.462751519, 705848.9532466808 9308168.974985965, 705820.7199755843 9308137.719277825, 705776.698098213 9308107.80242205, 705736.0789763026 9308082.419242883, 705718.9102662187 9308072.194015672, 705712.8653344852 9308059.098023342, 705706.3750814339 9308042.132542085, 705709.8439902455 9308027.84157066, 705723.1666959989 9308014.599630814, 705763.2612599541 9308013.738834495, 705810.6452022423 9308011.713007355, 705826.7713284809 9308005.672356488, 705834.837057539 9307995.590086982, 705837.8642002507 9307978.447131868, 705837.7594335545 9307945.731454005, 705824.9041704439 9307890.92947863, 705824.7794140875 9307890.07828559, 705824.7112085191 9307889.569758264, 705823.1677089485 9307878.747295702, 705806.9638199103 9307831.555532563, 705791.5348970762 9307768.799340144, 705781.315986825 9307727.138606679, 705767.3014633192 9307669.995989632, 705758.2261859836 9307607.493814928, 705737.0546122547 9307510.725774044, 705718.9151706472 9307448.233586906, 705703.7874754474 9307404.88698271, 705691.6979661672 9307375.65347982, 705667.5028792552 9307359.52492189, 705644.0050620682 9307355.902956914, 705609.3940006641 9307358.082678245, 705570.5856698675 9307368.870992515, 705530.0721779128 9307373.184046237, 705458.3154761678 9307377.496987542, 705398.3940864818 9307386.14781508, 705339.3934494607 9307414.194852121, 705309.1211276626 9307450.910997225, 705297.3989364763 9307462.919521261, 705283.8793055173 9307476.781440096, 705274.6471883217 9307491.900123188, 705245.0896191086 9307489.737220623, 705184.2430479885 9307474.611714203, 705152.0714931772 9307453.047427852, 705149.4836255246 9307437.915214315, 705149.2222439199 9307435.98061022, 705147.7557856917 9307425.003054949, 705153.6276818227 9307414.220786547, 705183.9306418705 9307386.164740494, 705285.9332594 9307340.822657598, 705370.2364224027 9307304.125626603, 705443.6252988307 9307282.5641863, 705460.8559284273 9307272.825581035, 705461.8649330903 9307257.713814242, 705459.8489475428 9307241.584153052, 705450.7787389725 9307230.489707144, 705428.1930805914 9307215.638372976, 705393.5515446581 9307209.169043455, 705353.0076072314 9307204.833060035, 705227.1407094067 9307189.71636756, 705167.1357013946 9307174.632203208, 705134.161198989 9307163.832324373, 705124.0194525572 9307159.543630075, 705119.7688957048 9307153.077394336, 705114.6880670167 9307146.54773048, 705112.0719700567 9307129.690236224, 705117.1213687989 9307108.525383648, 705140.3151784929 9307082.540558364, 705184.4232966278 9307049.48072833, 705251.0113491557 9307017.071348779, 705264.4788336983 9307004.149703942, 705270.289521025 9306976.080583215, 705273.7028887414 9306942.965442223, 705275.190417072 9306928.593028536, 705288.0763492314 9306860.77076617, 705288.315444948 9306859.531181997, 705288.4349928019 9306858.911389908, 705288.4457469935 9306858.822870547, 705288.6094068938 9306858.15868178, 705288.7728320807 9306857.428132847, 705290.9417056605 9306847.952960024, 705293.8880898366 9306836.141341789, 705313.4209622156 9306757.688845098, 705325.9300967157 9306711.656409996, 705341.0212851933 9306682.22720236, 705373.7116629134 9306615.927448504, 705390.4307085563 9306568.033022502, 705386.9835581707 9306547.794050349, 705383.5689063843 9306536.73490639, 705377.6329337633 9306529.36772561, 705368.3411208154 9306527.553570155, 705357.3558511246 9306525.690106992, 705337.0983852957 9306527.553557564, 705320.2357913647 9306534.890829565, 705301.693004529 9306545.92813707, 705278.170745702 9306579.081266956, 705267.2943252006 9306604.856752709, 705252.1595970972 9306625.106154533, 705242.8808465347 9306626.98602417, 705222.6037933778 9306623.319411099, 705208.1649044125 9306599.36992758, 705208.065884348 9306596.406154405, 705206.2631003448 9306540.414930744, 705212.931711585 9306526.510839062, 705223.0279280801 9306505.438694943, 705266.8317470364 9306474.116173152, 705331.6906872514 9306431.802690495, 705334.1643433489 9306430.278690927, 705370.4405917082 9306407.83084012, 705398.2099435488 9306380.203741511, 705416.6809372092 9306348.91545561, 705419.9390621671 9306315.77869207, 705413.0792488884 9306288.174672078, 705394.4954951967 9306284.49109285, 705324.4312257422 9306288.167845894, 705285.5661734057 9306295.218036119, 705263.6783527074 9306299.199747276, 705234.137552903 9306304.734834747, 705200.4322617002 9306324.994656563, 705172.0531640566 9306346.076182725, 705158.3327245603 9306356.266883865, 705130.511245462 9306369.17295097, 705093.3782776416 9306374.690561898, 705066.3373472738 9306367.34268798, 705047.69688857 9306350.740937836, 705047.6613023559 9306350.066394264, 705045.8911016962 9306315.786175871, 705053.3464017642 9306277.104578024, 705053.2552047627 9306251.312620325, 705038.8099528078 9306225.527176907, 705015.9726042815 9306214.481407719, 704988.9513508744 9306212.674588602, 704937.4774358615 9306221.870548014, 704905.8675988793 9306227.534444846, 704875.8835921092 9306232.905014887, 704839.5333070463 9306221.851624051, 704820.5662221257 9306209.87412633, 704813.3010206126 9306205.276648618, 704809.7955843207 9306168.480880832, 704823.9691018767 9306117.377200853, 704825.5314679735 9306114.783608258, 704853.3470080486 9306068.907402199, 704883.6100417485 9306029.780268177, 704881.845032834 9306009.480078481, 704874.0483956945 9305954.715672724, 704850.2321627893 9305904.642089011, 704834.9873238424 9305890.561102144, 704801.9688880349 9305867.108618721, 704757.9941163711 9305846.791672375, 704734.9378113035 9305842.626030907, 704723.3542874102 9305840.532342559, 704687.8953788097 9305840.502743341, 704642.6412560337 9305855.892354595, 704637.2912398938 9305857.714046236, 704611.9754976875 9305862.448680177, 704580.7220763107 9305859.285208203, 704556.1866236206 9305843.655366553, 704534.0860273086 9305802.96573827, 704531.3494819002 9305798.982690526, 704513.7174080743 9305773.241642637, 704489.9624436 9305740.421600664, 704477.7641235968 9305730.311451616, 704419.3477885431 9305681.930444798, 704416.2843615308 9305679.397424515, 704363.3110666955 9305649.268501457, 704349.8044181451 9305641.596177876, 704309.845864421 9305617.714525886, 704304.4106920426 9305607.934430525, 704297.0932528966 9305594.765517456, 704291.8569932061 9305591.178384503, 704289.7813634577 9305586.30819333, 704289.3015117174 9305585.181753758, 704291.647886521 9305575.816623533, 704292.3097525584 9305562.65275386, 704292.3423680179 9305562.486737134, 704295.2335302061 9305547.55644762, 704310.466030839 9305533.10245857, 704314.2383241791 9305529.527797101, 704341.3944508097 9305513.217882333, 704386.0716510646 9305491.227592455, 704402.671814225 9305478.60472215, 704405.5375347645 9305478.428708054, 704425.7083254725 9305477.218334667, 704495.8549279554 9305497.221829403, 704501.4946196876 9305499.093201507, 704544.0415424032 9305513.18842891, 704583.749004028 9305519.219763508, 704600.6988544004 9305521.006942993, 704640.3444796917 9305525.191418214, 704667.7565202494 9305531.210832471, 704691.90011387 9305529.919973578, 704701.7741110073 9305518.028616527, 704704.6723795738 9305514.534431655, 704705.3289706493 9305509.300666321, 704701.3940471715 9305498.165952584, 704668.6663206604 9305466.085539265, 704625.1242456981 9305442.847189467, 704610.2200204385 9305428.02396136, 704610.184553936 9305427.382598953, 704602.1456879805 9305419.912226245, 704594.3622204072 9305412.684273759, 704556.2220496594 9305377.238547394, 704532.532601222 9305347.282901075, 704520.1655459909 9305330.11701615, 704484.8660651228 9305281.112584542, 704456.1171848748 9305241.209622249, 704413.7063957936 9305187.242172759, 704411.4496910723 9305184.374507884, 704408.9706751877 9305181.231124764, 704391.6507322005 9305159.216264868, 704384.40309322 9305147.00935571, 704384.1068602463 9305135.198192215, 704381.4045564993 9305125.231502565, 704391.0341970765 9305109.967720669, 704393.9945573107 9305105.256717715, 704405.7857274623 9305097.251800345, 704424.0969744626 9305095.992652826, 704432.8654060037 9305093.838146944, 704434.5903343565 9305093.411771184, 704444.4993689132 9305094.593393212, 704449.2790710842 9305094.2557705, 704453.8817834713 9305093.94089267, 704464.038714389 9305093.241414683, 704506.2830826198 9305103.223281575, 704515.5651676782 9305099.230966829, 704525.6489696451 9305087.228284394, 704528.1409778098 9305075.252420554, 704522.4746736453 9305065.838148704, 704513.7024245192 9305051.2476491, 704479.7708105537 9305007.226545991, 704470.9841982585 9305001.097092947, 704428.1384798182 9304971.231244428, 704397.6218610676 9304935.260892875, 704372.1274185239 9304889.263392555, 704370.0999562575 9304860.425755573, 704369.4588712994 9304851.248118736, 704371.9225681096 9304831.253779024, 704381.938870596 9304800.150522744, 704387.7823476193 9304781.405096896, 704387.7236730903 9304764.792999884, 704390.1771157797 9304741.900939817, 704415.3328348821 9304692.019398034, 704416.4653166821 9304689.925033493, 704442.1817391157 9304642.142908612, 704496.0261064367 9304590.158030411, 704566.7914025863 9304544.406453067, 704604.7690114031 9304540.257311037, 704639.4080714034 9304546.516482629, 704654.6798966504 9304565.187270634, 704658.3821533616 9304569.996393526, 704669.0997546643 9304583.905312112, 704677.5842420824 9304598.485739233, 704681.8337386118 9304604.69756346, 704684.8239299809 9304605.306352, 704702.1117165186 9304608.839730635, 704729.1001630932 9304598.469358353, 704777.8496424798 9304564.132032227, 704779.0971217849 9304563.264924968, 704791.3883581082 9304546.509533014, 704783.5376568174 9304498.392509267, 704782.9945933917 9304495.043207567, 704780.5534263882 9304483.83686183, 704769.074817382 9304442.534674464, 704753.4284099354 9304421.221865902, 704746.1668158285 9304411.337683221, 704729.2126953934 9304392.628636165, 704696.2265040213 9304378.079646152, 704660.7319000801 9304367.70919185, 704612.5511306436 9304353.169692988, 704610.9655134038 9304352.301552167, 704593.8897082731 9304342.97190915, 704589.7094963212 9304340.697249638, 704583.7409620984 9304324.050740184, 704585.3826607033 9304309.4897937, 704597.7756320491 9304268.324360635, 704600.4007780799 9304259.59968438, 704625.5558521784 9304209.67368846, 704657.7385162355 9304144.194354482, 704658.2549651088 9304143.152873078, 704685.9553363828 9304099.499968914, 704697.7303372911 9304087.004555687, 704701.928472236 9304078.716703175, 704739.8320214987 9304053.741386686, 704775.2823628134 9304051.658171453, 704798.1093873708 9304060.01619736, 704807.5305768056 9304073.476201523, 704810.4559362952 9304077.6576339, 704818.4756104999 9304089.109655954, 704831.2942605368 9304130.672524357, 704839.9813657429 9304199.314221364, 704846.0235649663 9304236.731425531, 704856.3645443266 9304247.412076268, 704862.1181287903 9304253.342053622, 704874.6976975187 9304258.650597895, 704891.1704200495 9304260.17383319, 704929.1729622178 9304263.102826955, 704939.4154487927 9304267.844514014, 704953.1053398743 9304274.17770371, 704977.0425337199 9304280.363966316, 704996.2250273438 9304293.922082169, 705032.9148262774 9304319.871864952, 705087.0424299231 9304344.841803217, 705098.8789494603 9304343.450485911, 705112.1203833128 9304341.899340812, 705129.6871479102 9304339.846203055, 705133.5355569854 9304335.928313471, 705145.2240588526 9304324.008231468, 705153.5206858958 9304282.481048865, 705145.7923481789 9304247.115930118, 705087.1386262994 9304134.831058858, 705044.2724618387 9304086.70549652, 705037.1170215785 9304078.679077573, 705013.5069440347 9304049.254303815, 704987.0845344091 9304016.31130963, 704938.7230485235 9303950.774399184, 704924.2951013473 9303929.778077904, 704922.6235663553 9303920.283330178, 704921.7087056284 9303915.077240288, 704917.4476461202 9303902.48377037, 704915.709798747 9303889.89241432, 704913.1160707125 9303873.123354098, 704915.605640535 9303860.51700875, 704919.781054491 9303845.836435694, 704929.9181967763 9303845.855789442, 704936.691022201 9303852.102880832, 704950.3686411913 9303870.602260387, 704953.7692018182 9303874.59397792, 704958.6478890106 9303880.350078631, 704975.4412661034 9303897.422705965, 704986.4258988163 9303908.609808441, 705010.430949069 9303933.963033224, 705045.9632218009 9303954.984018076, 705071.3246837689 9303963.377186375, 705100.001804935 9303954.947127542, 705119.3345283541 9303929.771941114, 705136.1255329162 9303902.504332654, 705136.111910752 9303898.666502489, 705135.7679557635 9303801.769584376, 705132.109410307 9303721.99451302, 705129.5528734401 9303715.721413435, 705125.3140688004 9303709.410045687, 705116.0450458433 9303695.186395278, 705109.3414792864 9303692.865437971, 705096.532646888 9303688.420480639, 705077.1255185143 9303692.603751564, 705018.1004732104 9303715.696707033, 705007.3429178474 9303718.59945961, 704909.286740409 9303745.093504407, 704875.3405185603 9303746.861841617, 704829.0904961298 9303749.282083895, 704780.9430110764 9303740.903247174, 704754.7682827153 9303734.06129511, 704732.7695538455 9303728.310550755, 704714.1401661255 9303711.49877638, 704705.3025986922 9303694.077179484, 704701.3797237781 9303686.337916806, 704694.5398604476 9303661.156080961, 704730.6598021137 9303610.759728745, 704820.7993872266 9303552.009427857, 704871.3728583255 9303526.778832087, 704876.4042270212 9303519.428103656, 704876.5912978253 9303519.128815936, 704896.5519012426 9303486.92825894, 704894.780382104 9303461.728446275, 704896.1795763087 9303381.97975114, 704884.3009317524 9303365.199396886, 704875.8198047493 9303354.678097092, 704858.9099782265 9303348 | AA2: 9237.3125 | AB2: 362039.2 | AC2: 10704.919 | AD2: 367193.6 | AE2: 12355.815 | AF2: 372887.5 | AG2: 12458.975 | AH2: 378552.12 | AI2: 12452.56 | AJ2: 384639.2 | AK2: 13231.059 | AL2: 385582.02 | AM2: 14047.704 | AN2: 386565.83 | AO2: 14705.364 | AP2: 387449.41 | AQ2: 15407.792 | AR2: 387984.42 | AS2: 16319.343 | AT2: 388051.54 | AU2: 17551 | AV2: 388119.91 | AW2: 3.1775608 | AX2: 3.0843708 | AY2: 0.16698153 | AZ2: -0.010297597 | BA2: 1.2503425 | BB2: 1.2344373 | BC2: 0.93632406 | BD2: 0.95533575 | BE2: 1.1832333 | BF2: 1.5094448 | BG2: 0.2847426 | BH2: 0.31013077 | BI2: 0.30382438 | BJ2: 0.32159824 | BK2: 0.049023391 | BL2: 0.051029698 | BM2: 0.045714382 | BN2: 0.027617238 | BO2: 0.0034596307 | BP2: 0.0035238069 | BQ2: 81598.531 | BR2: 188417.4 | BS2: 395705.11 | BT2: 638528.89 | BU2: 1015813.1 | BV2: 2320063
A3: East Jakarta City | B3: IDN.7.4_1 | C3: 184.658 | D3: 1782153.3 | E3: 2065246.8 | F3: 2383308.6 | G3: 2398786.9 | H3: 2392021.4 | I3: 2533906.8 | J3: 2681783.9 | K3: 2800875.1 | L3: 2934834.4 | M3: 3108419 | N3: 3343131.8 | O3: 58891827 | P3: 60097922 | Q3: 61422255 | R3: 62886700 | S3: 64498819 | T3: 64878142 | U3: 65327936 | V3: 65802443 | W3: 66135413 | X3: 66253606 | Y3: 66328867 | Z3: POLYGON ((714679.7860019862 9319532.7129033, 714685.7295782602 9319328.135443319, 714689.7725619207 9319280.017938633, 714694.7037932384 9319241.774376687, 714695.2130942194 9319241.794648118, 714710.7581663565 9319242.501368687, 714718.3529600333 9319242.683932856, 714787.6171565285 9319245.230631461, 714803.6987511576 9319253.445573382, 714810.441898408 9319250.78862894, 714823.9614510238 9319251.580106625, 714892.3895667393 9319255.556553107, 715003.0445389058 9319260.949962059, 715043.6040621513 9319263.5454695, 715117.9270251611 9319265.962783178, 715137.3541870278 9319265.681926744, 715141.9496236489 9319262.999574909, 715144.7444269912 9319261.363481278, 715146.6223892089 9319260.272698367, 715151.6291014053 9319242.844948275, 715152.3195394865 9319222.678796342, 715153.9216823217 9319176.229124073, 715156.3060040774 9319134.820277726, 715161.9737211111 9319067.871398754, 715161.9610353857 9319064.387327043, 715165.3108881508 9319057.097194592, 715170.7720676697 9319036.80306022, 715195.3141537673 9318945.49614476, 715193.5981275251 9318939.374770444, 715192.3785270834 9318935.817669071, 715191.0358274622 9318931.896013182, 715191.022815183 9318928.32345641, 715190.9834153599 9318917.506241158, 715190.9583570703 9318910.626580724, 715190.6900322478 9318836.963334678, 715191.0661480762 9318751.805677304, 715191.149963009 9318732.272185016, 715186.5929513015 9318639.146677565, 715185.9748224539 9318633.563278977, 715179.6094801167 9318575.827525433, 715175.1693688887 9318517.830362022, 715173.4609427296 9318501.643730994, 715161.6177647593 9318389.741604254, 715161.2508704447 9318386.269883445, 715161.1709625287 9318385.60653302, 715161.3812499456 9318385.59470589, 715189.8829693741 9318384.605962534, 715203.7835565497 9318383.681495318, 715294.436214311 9318377.654694434, 715341.0297928507 9318374.564722415, 715374.706994467 9318372.119115926, 715451.7672735557 9318369.559411995, 715579.987083293 9318365.28641859, 715640.1122527404 9318363.274978815, 715639.8787753184 9318366.029951727, 715677.7419312603 9318360.947484117, 715693.3319940488 9318358.855348686, 715715.9671260566 9318357.998387614, 715732.846837059 9318357.41684817, 715766.626017261 9318355.601099176, 715811.0967558625 9318353.204268113, 715828.3405267503 9318352.278486947, 715831.8601123273 9318352.088646816, 715843.6141774413 9318351.448390147, 715876.3639770565 9318346.6388804, 715923.1758487399 9318342.67383546, 715955.8888166309 9318339.8995893, 715956.0405756363 9318342.044818047, 715959.276039704 9318388.25582253, 715961.2731453609 9318416.718866741, 715990.3923971187 9318415.04171307, 716020.1314468269 9318413.329094399, 716031.3652067464 9318412.67964677, 716032.1853329635 9318415.961687319, 716036.7577421989 9318434.239430044, 716036.7566671993 9318449.071894933, 716034.0606925145 9318474.676326636, 716040.8026070587 9318498.94105681, 716044.848235068 9318512.420364676, 716069.100325881 9318505.684111977, 716071.7446295032 9318517.387767656, 716078.5410193524 9318547.459193293, 716083.9262434857 9318573.06724145, 716052.9262967573 9318581.155470552, 716052.9265221672 9318605.422748191, 716115.9885521743 9318595.126711423, 716116.3427981456 9318619.326337134, 716116.4169700656 9318624.469314665, 716120.6877595861 9318635.94580514, 716129.1667836615 9318644.82974011, 716131.2759329361 9318655.495646192, 716094.7130164821 9318662.022556242, 716101.4478172696 9318714.591776092, 716056.0677904609 9318716.660245836, 716085.1202328464 9318796.534232061, 716119.2050167117 9318890.27105813, 716133.0515745096 9318898.737180818, 716180.2940658876 9318927.609868245, 716193.7744826054 9318935.845046084, 716223.9196384187 9318954.272557203, 716258.3363819007 9318975.305824088, 716262.929708504 9318978.109505152, 716347.3960434708 9318951.07748144, 716350.2156273547 9318950.171234995, 716462.5462058947 9318914.232604649, 716620.1277212815 9318850.03343042, 716678.1374472615 9318826.39394752, 716734.0400999223 9318762.522981156, 716742.0208848495 9318922.211462481, 716845.8264259838 9318922.217681916, 716845.8199118741 9319007.91672879, 716846.7053166891 9319007.858175516, 716852.0375104073 9319079.258146636, 716856.5062411077 9319144.6331558, 716860.3953893575 9319172.735420942, 716862.567250481 9319188.389534788, 716863.1473299867 9319192.612629307, 716940.422326721 9319187.78305797, 716963.9634330057 9319186.31404635, 716973.5813119451 9319185.714638693, 716978.3144178368 9319184.358906258, 717028.5761739786 9319170.005478598, 717106.9601097009 9319147.60704119, 717180.0911472505 9319126.70993354, 717214.4951602499 9319113.996286852, 717218.9023765143 9319114.334033987, 717281.2342966894 9319119.02695917, 717293.554789323 9319121.835351564, 717310.9794424535 9319121.837646874, 717324.9169602564 9319121.841699712, 717324.9100656193 9319128.998076258, 717326.0401562317 9319129.248319449, 717329.4491313297 9319138.095501307, 717328.4752694633 9319144.204655781, 717327.7936309979 9319148.498760937, 717329.5216920866 9319157.827739492, 717333.8466103115 9319162.87769188, 717356.8391145892 9319165.746377623, 717388.7916544301 9319169.743485983, 717452.9277649097 9319192.381342031, 717453.8031220329 9319192.599338055, 717476.3777587921 9319199.230202477, 717493.54421653 9319204.26607948, 717674.1059929184 9319262.666277999, 717683.8041032145 9319265.805025874, 717788.8883536274 9319297.07409527, 717835.5679177041 9319310.971501445, 717847.8362575644 9319314.620616602, 717865.9784236548 9319314.0338976, 717896.5843911356 9319313.058346732, 717936.7650825158 9319311.770960497, 717939.0453029803 9319311.696188949, 717974.5345171206 9319317.051527118, 717980.458863046 9319320.513853082, 718008.3939737547 9319336.758793555, 718023.5947434676 9319337.067743916, 718067.5085649602 9319333.42160217, 718091.1460514136 9319331.022683956, 718098.7335674085 9319332.189265622, 718108.8908472004 9319333.744556723, 718208.4376629522 9319301.267485784, 718185.8394245249 9319129.3543298, 718167.0340444343 9318974.283961724, 718164.0651343248 9318949.739787592, 718137.0539378581 9318724.994131269, 718102.2248187085 9318442.69449815, 718111.8745945179 9318082.273522045, 718115.7579831905 9318006.801892292, 718127.6375322668 9317776.62542433, 718127.8205672003 9317775.2310772, 718162.9644959102 9317510.934159953, 718171.6760426303 9317352.244678771, 718182.5435484141 9317097.206920298, 718182.5544134441 9317097.151575662, 718180.5734057137 9317019.566832323, 718189.7931919855 9316771.116339266, 718183.3011944623 9316387.394120457, 718145.6087892746 9316017.226554887, 718133.0879807001 9315828.928276721, 718123.6173117465 9315779.543380255, 718120.0877391323 9315738.21089362, 718121.6752496872 9315712.576940276, 718126.6165554548 9315677.90486437, 718125.6694054663 9315649.37129981, 718120.5361590034 9315632.301279187, 718112.0229718161 9315614.237257661, 718108.4186540039 9315552.76318416, 718100.7948926549 9315547.670280049, 718094.0248810161 9315542.95027802, 718081.3191784361 9315534.613265658, 718051.5743870358 9315483.721888993, 718039.653727664 9315457.231059559, 718021.7961592972 9315423.804960737, 718015.8240426385 9315407.379588194, 718014.1147382245 9315403.16067335, 717985.9614463713 9315327.686131176, 717977.4127505017 9315300.032468295, 717956.1262164685 9315252.372687468, 717955.273778759 9315249.367291436, 717947.5808585426 9315225.614945939, 717946.7198058519 9315220.286798436, 717941.5932594913 9315205.008624973, 717925.2555010924 9315124.68985831, 717916.6485342637 9315081.318919284, 717913.1439074739 9315049.686762782, 717911.1864851027 9314975.597237859, 717911.1741338794 9314972.267960964, 717921.1842453717 9314940.320203677, 717926.1886943718 9314922.692724552, 717922.7438287707 9314904.189603673, 717936.0231360941 9314840.429691475, 717888.7389535647 9314844.719789967, 717849.9315138853 9314854.298682472, 717800.9391942448 9314851.693060273, 717739.3302869083 9314864.729994485, 717698.8003213527 9314866.51725486, 717666.7064920021 9314865.629675113, 717633.7312262628 9314856.892136434, 717633.6411547692 9314856.48321853, 717623.936312298 9314812.519096583, 717615.7792278716 9314806.852984492, 717615.729590447 9314793.458472198, 717618.4308031038 9314787.553025687, 717612.1374472096 9314759.083584037, 717593.2547869917 9314759.595993662, 717599.2803152313 9314712.80837017, 717595.1440007554 9314698.864900418, 717604.7969172229 9314567.547829635, 717618.2872034351 9314563.648642998, 717644.4441334757 9314554.636618042, 717670.5814174309 9314543.312931959, 717711.0503146085 9314525.122587102, 717710.1857461102 9314518.843223816, 717694.7975839883 9314470.652817024, 717681.9367050076 9314417.420347992, 717675.1142989593 9314401.518012425, 717654.7360536427 9314368.842385968, 717613.2111376987 9314332.075237844, 717603.0392499418 9314323.36381975, 717587.7967793564 9314311.452493558, 717581.0008952848 9314299.708941918, 717570.6817433294 9314251.278536903, 717563.8559678621 9314231.471734036, 717556.2338049912 9314226.754890129, 717525.7844882512 9314212.521859888, 717516.4446686422 9314201.318660576, 717508.7297571006 9314168.596080288, 717515.4657460586 9314164.191009283, 717544.9629154075 9314148.530078601, 717545.7849355298 9314140.353059258, 717546.5076588487 9314108.38451058, 717553.1835855092 9314087.786563467, 717563.2610007528 9314071.036236791, 717580.9130549384 9314049.180877361, 717584.2412421207 9314036.249451265, 717581.6705262574 9314023.605367023, 717573.162165003 9314009.755553197, 717562.1110263014 9313987.80756406, 717556.1116623624 9313963.993673947, 717568.7910467306 9313962.353877086, 717582.2685932312 9313958.0454497, 717593.2134068799 9313948.348716589, 717587.2315200046 9313932.233118508, 717568.5118397091 9313893.058647987, 717554.1206906296 9313883.831978692, 717548.1702376985 9313873.20244942, 717545.5735619853 9313856.543373492, 717548.0207540126 9313832.908307806, 717551.3126853514 9313810.210279863, 717543.6635664672 9313798.215508629, 717527.5455317697 9313777.02740357, 717500.4285401354 9313753.911267815, 717502.8716288952 9313729.170137482, 717516.3449921396 9313717.782778244, 717543.3197471065 9313705.548936818, 717559.3670880132 9313704.704069598, 717566.9594389983 9313701.401881607, 717563.5475181516 9313691.758414898, 717553.3551574035 9313677.505610958, 717539.8045281402 9313668.06567974, 717516.0970448928 9313650.954017466, 717514.3618132863 9313639.733688796, 717520.2514969436 9313631.006942868, 717537.056760573 9313610.692157052, 717553.8965614649 9313596.704044446, 717569.9182147599 9313588.946223987, 717569.8948964548 9313582.663743326, 717563.8847612082 9313555.951958075, 717561.2911858507 9313540.133497655, 717556.9932239945 9313518.425926857, 717556.7491288857 9313518.27198088, 717555.0183249427 9313517.194441225, 717540.9054165359 9313508.35389478, 717501.9017752704 9313467.783642652, 717475.6613135573 9313451.157009248, 717461.2581649979 9313438.667448282, 717433.2632539498 9313414.581239883, 717330.2380941748 9313240.445395319, 717312.6249551713 9313210.049163869, 717293.9305125757 9313180.586054143, 717272.7205539634 9313153.344442414, 717249.8107781237 9313124.416824583, 717244.2845793618 9313117.723389413, 717227.7075019436 9313095.065901948, 717182.6322679004 9313017.010808865, 717179.5507426012 9312991.969440622, 717178.5550301522 9312971.2119426, 717175.4617763091 9312886.298309539, 717171.8339770925 9312830.366051873, 717171.4736020451 9312822.735411093, 717171.3169137114 9312822.271437105, 717170.9765917287 9312817.06304522, 717162.6340795374 9312797.140238395, 717147.5284714827 9312753.373232402, 717130.3377634046 9312687.602901163, 717132.4790961742 9312682.982590647, 717129.1588294946 9312683.10551408, 717128.6085345512 9312680.97281402, 716976.3746699832 9312686.691601904, 716946.6174111929 9312688.704348588, 716946.6358468701 9312708.613763113, 716943.4713521458 9312726.875848787, 716940.2051718854 9312756.530958243, 716941.1335827751 9312780.053889027, 716944.6801751279 9312826.07589418, 716944.690912128 9312828.973790066, 716943.0727309254 9312846.334216896, 716942.0296640608 9312848.627671767, 716919.2765131457 9312846.964356648, 716894.0969191967 9312850.652397132, 716883.5167328137 9312851.156140802, 716823.8253485042 9312840.33850886, 716773.7875774109 9312859.780650945, 716770.8438138878 9312859.946400087, 716762.3997724435 9312860.397969836, 716756.6746781034 9312850.785195738, 716745.2468509398 9312828.62844981, 716708.9565530715 9312758.261176554, 716704.5224461011 9312738.56722728, 716702.8013909414 9312731.14073406, 716691.6373362361 9312681.552209156, 716684.1658265128 9312657.65533699, 716681.4526344287 9312615.446275398, 716680.9944571741 9312608.291628556, 716678.3824655339 9312521.66198669, 716671.1320358955 9312461.805613933, 716650.0261760792 9312417.695828775, 716647.7822968299 9312412.56086099, 716626.0692178551 9312362.88974053, 716622.8747451731 9312355.125820553, 716617.7446995825 9312338.796942176, 716613.0525663526 9312333.117998395, 716612.4720327018 9312331.78179017, 716585.9907921804 9312318.673221415, 716574.8675973802 9312312.995960383, 716554.1282734792 9312290.13262203, 716514.5314376778 9312283.299805945, 716507.3292672967 9312287.297285534, 716500.1788793508 9312290.332282828, 716465.6134227215 9312306.078024339, 716451.3673299334 9312305.98693929, 716440.7117686102 9312304.035415586, 716432.6563774718 9312298.81133725, 716427.5420199193 9312286.707625687, 716425.819810774 9312278.96037973, 716419.8222467719 9312255.511561064, 716418.0931448424 9312242.90865239, 716412.8923344404 9312207.43380457, 716412.0282743301 9312201.265078178, 716406.8058171516 9312159.939151919, 716404.2072730563 9312142.704988316, 716396.6993693805 9312129.880122483, 716396.6771090681 9312129.847022455, 716393.8661313143 9312129.9901512, 716391.4874495644 9312130.297592446, 716367.8508083065 9312132.077331088, 716328.8558263264 9312135.296460908, 716307.0677965502 9312137.102519337, 716287.4834347611 9312139.165879838, 716272.4577299713 9312140.758886384, 716254.5255601074 9312143.61250284, 716213.3844433575 9312150.157720255, 716154.2823082341 9312154.745156512, 716115.4418572934 9312157.841896238, 716100.2483683826 9312158.959862174, 716094.2408496543 9312159.745248968, 716067.3342043742 9312163.251359537, 716050.4514452158 9312165.5258718, 716043.6901888889 9312166.02645678, 716028.97502817 9312167.78416123, 716020.89826443 9312168.743093232, 715939.0246950528 9312178.59082756, 715928.0491836676 9312179.903330034, 715927.184196522 9312173.469157815, 715921.490737582 9312169.375569282, 715898.4568657012 9312169.515891187, 715857.9548102032 9312178.259573402, 715850.3525366944 9312178.81854229, 715850.3524958815 9312178.80748168, 715824.8604779497 9312136.71580617, 715820.4646958333 9312130.327846024, 715790.0504842986 9312086.163847305, 715786.7864124661 9312080.501721479, 715773.1508432984 9312056.84882657, 715769.6528619541 9312050.789376514, 715749.337599934 9312037.735205205, 715723.9176267848 9312015.143368348, 715675.4296902666 9311917.390318125, 715669.0610715928 9311907.293220904, 715664.3847675237 9311899.866583485, 715640.6774803143 9311882.444852065, 715625.4259152305 9311870.787765058, 715605.0237942229 9311834.15238083, 715595.4731396066 9311807.608625548, 715574.3140049132 9311748.777118433, 715570.9682593821 9311738.96751416, 715549.5508803243 9311676.132975234, 715535.0573721002 9311638.90065231, 715522.2457105755 9311598.49875697, 715495.7865136737 9311525.141934218, 715494.0867111346 9311520.436326172, 715490.6796678039 9311512.009543572, 715490.2533102077 9311510.45155119, 715479.5671881589 9311476.136293292, 715449.7305248464 9311399.352046195, 715442.9084456756 9311368.318645677, 715430.029803617 9311309.733157892, 715427.3955081715 9311297.741970472, 715418.0466616641 9311250.856792783, 715416.2085943997 9311241.672097478, 715406.7806769535 9311203.359285934, 715402.5488190498 9311154.35370299, 715402.3750818878 9311152.26386431, 715406.450809238 9311113.91231626, 715417.3300204984 9311086.552167272, 715420.6321571239 9311066.542171521, 715422.4469811592 9311057.42142834, 715428.9237379025 9311024.845780835, 715428.0092091685 9311004.973005429, 715425.1279025881 9310989.034048289, 715419.3880391819 9310957.321961962, 715409.5664352465 9310914.30979916, 715407.3725394066 9310904.68398941, 715404.6541405951 9310893.898737233, 715384.2317329304 9310812.677655471, 715382.0795121572 9310799.346346047, 715371.2622096268 9310732.457733281, 715366.0986424207 9310703.940082606, 715346.4215375143 9310635.712634778, 715342.9917890707 9310624.122577108, 715342.9581756915 9310624.01209377, 715328.8822970801 9310579.920632439, 715328.8822562705 9310579.90957185, 715318.2217989209 9310546.52336349, 715317.760729958 9310544.556253856, 715316.501479368 9310539.251747312, 715316.3102148689 9310538.411837164, 715289.0548051507 9310423.160004804, 715273.636270925 9310363.146054005, 715266.9201210841 9310324.812214429, 715264.715221993 9310312.20005444, 715260.9162984698 9310290.54609738, 715259.8308393353 9310284.345031835, 715254.5579877329 9310229.204616822, 715252.2972091434 9310219.446333049, 715220.7740172992 9310225.41378037, 715180.2880962898 9310238.128134564, 715154.95926702 9310240.013403459, 715130.4539296587 9310237.095269132, 715085.6410485855 9310220.016860146, 715070.4105631337 9310213.94537971, 715045.8778660692 9310200.597056536, 714975.4274977837 9310161.690758483, 714962.1071359471 9310154.329174588, 714938.4166278779 9310141.232114002, 714930.9627852465 9310136.934844393, 714925.7162248229 9310133.901422054, 714910.4879311861 9310125.407607965, 714878.3315522138 9310106.700764004, 714848.6863001469 9310084.600080678, 714844.6584699549 9310078.8854724, 714838.5065320197 9310070.446694354, 714834.9710281708 9310030.121316498, 714838.2487124867 9310000.466542255, 714847.5449017496 9310003.120043244, 714898.2209350851 9310007.412893156, 714951.4508909375 9310013.919490866, 714963.2648099891 9310011.973497659, 715001.2723621993 9310014.576430537, 715037.625228609 9310018.68969971, 715041.7933954275 9310011.429556696, 715045.10013999 9309989.683045574, 715040.848721453 9309983.371992316, 715039.138522594 9309975.834887965, 715039.7815016613 9309922.088474708, 715039.5653282602 9309911.493101444, 715037.7071358429 9309818.822174275, 715043.5483446326 9309800.030582752, 715046.9003843516 9309790.572360717, 715049.3280143169 9309764.559647596, 715046.3665895418 9309750.888460005, 715045.037889746 9309744.754661314, 715048.4606066905 9309700.454902358, 715051.2706127793 9309664.087939762, 715056.3200933054 9309598.722556464, 715057.2874685936 9309566.93046802, 715061.503667533 9309428.755406909, 715061.4624237792 9309423.579140268, 715060.4302177567 9309302.877266178, 715060.1864805091 9309290.821976285, 715058.6863463041 9309214.276239531, 715058.1812173673 9309188.384947872, 715059.231147324 9309074.068476496, 715059.9863647722 9308990.8558487, 715060.9865289956 9308920.030326124, 715062.6584095911 9308800.347090011, 715062.2483879338 9308794.220962329, 715055.2554563468 9308794.81089576, 715053.4756895275 9308768.448699927, 715052.5920578032 9308756.959870106, 715050.850586943 9308743.958890365, 715047.3248901293 9308703.390112935, 715047.2294204133 9308677.552609267, 715047.0399826064 9308626.286842616, 715050.8497984662 9308599.97035572, 715051.9830013369 9308592.135173272, 715062.1396334344 9308528.17769246, 715066.1450533605 9308512.865900902, 715068.5025867148 9308503.886936162, 715029.4693137751 9308502.007091844, 714995.6778709162 9308498.913294908, 714976.24375276 9308493.344135052, 714943.2418462734 9308476.266641794, 714931.4058642394 9308472.151536325, 714914.510222819 9308470.621206041, 714885.793438305 9308468.990743509, 714823.3082288506 9308470.482415747, 714807.2658564112 9308469.225422664, 714804.3247560038 9308464.048807126, 714798.7656922607 9308454.280600788, 714787.7202248784 9308436.436208818, 714785.1440065738 9308425.163794063, 714759.765027618 9308413.234494025, 714746.2356038508 9308406.106036726, 714725.8689444654 9308378.761718143, 714627.0915344707 9308386.249330202, 714562.9364038686 9308391.06511969, 714507.2120070031 9308395.020196913, 714465.0038900125 9308396.547342347, 714445.5850984218 9308398.101060847, 714419.4171410783 9308400.299047569, 714394.0913685864 9308402.770435411, 714356.949104558 9308406.39142145, 714307.9907182899 9308411.261526495, 714294.4802608754 9308412.2625136, 714280.9808719108 9308413.26345666, 714256.4939076458 9308415.090172041, 714183.9070336891 9308423.475993546, 714175.4654933066 9308424.402986143, 714109.5212194399 9308403.188017372, 714051.9942478223 9308374.442884266, 713992.7792041678 9308347.130747596, 713984.8697554688 9308345.268470248, 713983.7605644764 9308341.611470606, 713969.6823418287 9308341.70749992, 713917.5621010883 9308329.467011828, 713855.0963805317 9308333.12550228, 713795.1146177474 9308344.08588564, 713737.1426851042 9308347.783029232, 713721.1140353762 9308350.219961325, 713682.2953945609 9308361.456398731, 713675.5621130342 9308363.405684326, 713656.1462781851 9308365.744431624, 713626.8571269127 9308364.900783837, 713602.1683813592 9308384.093172746, 713540.0031262253 9308400.248718578, 713504.4090526546 9308409.504386615, 713483.97294942 9308414.313335469, 713469.3790597888 9308415.63886085, 713433.9288201976 9308388.681443712, 713407.6236211221 9308353.439235916, 713400.0525127498 9308344.2313853, 713400.0415977298 9308341.256115908, 713386.9336230833 9308328.252659857, 713379.6293264553 9308319.364587974, 713370.0100936736 9308306.989849102, 713360.8210832699 9308291.206858397, 713358.2481773137 9308286.792045187, 713345.1508603102 9308279.705982484, 713344.4867478866 9308279.697357805, 713333.0104065618 9308270.96837493, 713316.0811775855 9308260.213174278, 713302.5518679781 9308256.04869463, 713302.4194593204 9308256.159786465, 713265.6950104522 9308286.124955017, 713219.2046169336 9308324.07847264, 712996.0293599315 9308354.317322029, 712944.0576726154 9308361.365171075, 712935.6026551754 9308358.597788917, 712855.342200582 9308344.756084634, 712788.6169297444 9308342.732786685, 712737.1117065579 9308341.129358336, 712657.7345458067 9308341.795662438, 712648.3955752726 9308336.399055934, 712647.5747764513 9308335.915390767, 712640.8710264282 9308348.969266437, 712631.6570354357 9308368.679727267, 712630.5392928869 9308377.79773437, 712628.3792590116 9308395.480443113, 712617.4441005436 9308407.59856771, 712608.1823980102 9308417.288305415, 712605.7254201286 9308435.491943063, 712620.1581139162 9308456.697639173, 712624.4100126233 9308466.27162612, 712622.7727343304 9308481.629699554, 712606.6073872164 9308516.319456965, 712593.4510531818 9308544.549890798, 712583.4141430181 9308569.273777697, 712584.2797480968 9308575.962266726, 712607.0994166345 9308581.309640378, 712615.5569382671 9308584.76282212, 712618.122519961 9308593.247975439, 712617.3705904855 9308617.672489291, 712613.1796332791 9308627.808234341, 712603.0754677688 9308634.1275599, 712588.7369829197 9308638.714779623, 712578.6286546963 9308646.925473932, 712573.6134963655 9308661.709667454, 712569.4293933527 9308670.695080543, 712534.8513970764 9308682.4239145, 712530.6369118836 9308686.12247748, 712539.1886314165 9308715.36859654, 712534.1334687693 9308716.172357801, 712493.6250700725 9308725.445243265, 712473.3734352088 9308729.268712407, 712460.7157966791 9308730.42097637, 712435.9099668901 9308732.812120713, 712435.8988989899 9308732.81216111, 712415.9718330511 9308734.588218188, 712404.1378786203 9308730.948236428, 712379.2946094805 9308720.044689635, 712377.9199711265 9308719.441374486, 712370.3043837124 9308716.195235394, 712335.6611054094 9308710.039233878, 712334.7549379873 9308692.22396868, 712337.1309292741 9308648.75833669, 712336.256547337 9308642.689276343, 712322.7264212762 9308635.250639701, 712252.8072485989 9308610.287619837, 712244.9387383938 9308607.484815776, 712217.8938122942 9308599.82999935, 712212.8052910061 9308594.517367128, 712207.6706269793 9308576.551623955, 712201.7549879416 9308575.091082327, 712179.7902369227 9308573.489973739, 712174.6768552994 9308558.322474508, 712160.1870361726 9308521.399869496, 712159.3304567842 9308520.20845281, 712158.4849855943 9308519.028056182, 712154.5282011093 9308517.51612704, 712154.2511421448 9308517.41759227, 712133.9837907363 9308516.905279238, 712131.4336902647 9308512.645202614, 712126.2710857317 9308483.972947143, 712118.6655496543 9308483.469769469, 712036.7650412035 9308487.197076667, 712024.9520987098 9308489.297388477, 712008.9398054727 9308496.213277305, 712007.9401922203 9308455.76849826, 712005.1451439057 9308381.252715338, 712004.93774718 9308324.346953653, 712049.6752096693 9308321.540409653, 712046.0044121919 9308240.601623604, 712045.9838464963 9308234.960817832, 712042.4220292718 9308183.91830308, 712037.0295521263 9308095.232350454, 712036.482708503 9308087.923320608, 712035.2507629271 9308071.812590826, 712028.4758022769 9308065.355813451, 712010.7175671023 9308057.821968783, 711990.1569699856 9307976.834176758, 711990.9390738313 9307960.638682192, 711990.0558213266 9307949.09469041, 711987.4203630912 9307921.419748101, 711976.3408042261 9307893.930445947, 711969.5387239107 9307880.030020198, 711957.6547316335 9307862.60875018, 711949.1554682454 9307847.66376113, 711931.4290451686 9307848.83444858, 711885.0193809891 9307857.343287652, 711827.6248513239 9307867.36316823, 711728.9008798518 9307885.917421008, 711650.4593189545 9307909.197914599, 711599.0629556954 9307940.343428005, 711563.6608607824 9307959.67334148, 711495.4229903497 9308001.000391945, 711463.4457300281 9308030.81419472, 711434.8788308618 9308073.213495437, 711418.94313497 9308101.166056564, 711373.4990461313 9308143.947416626, 711369.2889571078 9308145.809824763, 711354.1075919671 9308152.932669153, 711338.092018747 9308155.877667533, 711317.8292125943 9308159.601269756, 711287.4376715167 9308162.87500286, 711290.7958862416 9308158.062541723, 711297.3377073845 9308097.338710144, 711302.2871715147 9308067.46841499, 711307.2233346619 9308030.89549803, 711309.664337776 9308005.159884607, 711317.1096921253 9307961.620782763, 711322.0247779726 9307922.304927813, 711312.2288490308 9307919.01132314, 711309.3323170627 9307913.812352302, 711310.1096158822 9307896.245439077, 711307.5576700273 9307891.454454733, 711285.5757847731 9307881.98913746, 711242.4396246172 9307862.369725652, 711216.2104137053 9307850.59711812, 711179.0002888065 9307832.272338942, 711158.704398012 9307823.807366867, 711123.2872960358 9307808.528746307, 711102.0361545765 9307799.116026508, 711091.8920295192 9307794.407915946, 711062.2773062497 9307779.904550627, 711033.5236039273 9307767.820296343, 710982.7795683652 9307743.903716145, 710943.867897089 9307726.326059423, 710899.0549298078 9307708.139352065, 710805.9903472337 9307660.474522607, 710796.7088447443 9307661.669542022, 710797.7538112293 9307641.579920225, 710798.292012084 9307631.291721608, 710798.8188972785 9307617.884508595, 710799.8324865291 9307592.198396886, 710788.8201795191 9307583.069209654, 710755.0013145681 9307568.945990643, 710745.1793890055 9307561.504733725, 710743.9918687564 9307560.602081852, 710736.3404255791 9307547.390443347, 710721.8761916099 9307517.225683773, 710713.3660520655 9307499.172671586, 710709.1215518715 9307491.534216898, 710709.614284833 9307480.914373571, 710709.9014713421 9307474.653102944, 710699.7140481423 9307461.030365016, 710688.671536053 9307443.561682858, 710689.4868330375 9307433.383089637, 710695.3808180552 9307428.926462589, 710713.9435341855 9307423.42844012, 710718.9960277518 9307421.928009244, 710725.9376556078 9307416.427893007, 710729.0832276742 9307407.922036143, 710733.2425452698 9307392.079404946, 710741.6459514841 9307380.71192909, 710756.8045667054 9307370.425989185, 710793.5793546386 9307345.163135165, 710805.6572961733 9307336.868182998, 710815.7132262439 9307314.257241916, 710815.6638476567 9307300.65302807, 710808.9111284985 9307300.257239642, 710766.6907926167 9307301.040913502, 710760.7587385928 9307295.001297211, 710760.7200477164 9307284.339135822, 710764.817163884 9307251.364039447, 710768.9017740277 9307211.896484703, 710780.6435940879 9307190.285931224, 710789.992427278 9307171.073122932, 710783.9286129712 9307165.321562827, 710767.0375163619 9307164.807727698, 710733.2491874578 9307162.087812142, 710728.1740812205 9307157.350224104, 710726.4353987944 9307144.858193979, 710729.6626696007 9307103.97801642, 710732.3261896492 9307099.887033354, 710743.937958143 9307082.092820868, 710750.6484830424 9307067.822566554, 710747.2287125845 9307058.710084233, 710732.799762652 9307038.256329585, 710722.6186277745 9307023.306335155, 710714.130310471 9307011.259102002, 710714.0057030809 9306976.927832127, 710718.2053846767 9306972.222946012, 710727.4999256035 9306971.603003088, 710770.559975375 9306970.495481672, 710770.536242903 9306963.95882362, 710765.4238956276 9306952.009944696, 710762.7928448066 9306943.702015752, 710761.1470949785 9306938.520625556, 710759.389386968 9306917.744364498, 710762.652757043 9306886.829532873, 710769.8315956848 9306885.719539182, 710775.2937976401 9306881.242331116, 710781.1869287137 9306873.522836233, 710776.9317724403 9306865.99503955, 710762.5328776194 9306853.8144329, 710744.746934688 9306838.482825328, 710744.7107109483 9306828.506403958, 710747.1867604651 9306812.415475363, 710755.6070747178 9306805.737550966, 710772.4653898312 9306800.300937345, 710785.9875228994 9306802.674074616, 710790.2432408299 9306810.356714461, 710797.8971439758 9306824.254064418, 710806.5632296731 9306830.394339247, 710812.2777048997 9306834.432781484, 710824.9614159744 9306837.550010273, 710832.5406650319 9306833.938882552, 710834.2092751865 9306827.130623022, 710829.9240602455 9306811.329695448, 710826.6040273206 9306805.30273073, 710818.0256545476 9306789.793910466, 710815.462125134 9306781.795431644, 710812.0503201409 9306771.831268027, 710806.8599645826 9306735.361585034, 710812.2917099773 9306719.458998382, 710812.7059638224 9306717.720997475, 710814.7756073017 9306711.63021254, 710820.7281351592 9306692.850005602, 710811.7374518842 9306685.704413543, 710766.8898253923 9306657.762637343, 710760.1172762787 9306654.933632266, 710744.8974277079 9306648.297320126, 710741.4964024068 9306641.29732763, 710736.3488004565 9306619.637481645, 710730.3884383179 9306605.789287005, 710720.2426134599 9306600.550285958, 710702.4634684809 9306590.118458502, 710692.2757184964 9306573.33246749, 710676.9980274778 9306550.75820889, 710671.8916560346 9306540.446265867, 710675.2308180575 9306530.413348293, 710680.2992745875 9306530.284338016, 710698.0694198479 9306541.291343201, 710716.6646256994 9306547.871156638, 710732.7037323609 9306545.445958233, 710752.0923151957 9306535.830335267, 710770.6363394111 9306528.31926383, 710781.6190392557 9306529.34116912, 710796.8593390572 9306538.565542644, 710806.1492396374 9306542.779014193, 710806.1603070201 9306542.77897398, 710812.9226252211 9306545.840277843, 710828.1225688532 9306547.001698362, 710830.637426857 9306541.606102867, 710826.3730441636 9306528.492802534, 710822.0760920077 9306509.462260902, 710824.244080812 9306503.028240139, 710828.7551246446 9306489.606537342, 710821.935050722 9306470.651528712, 710823.4725450084 9306458.22501537, 710823.4059800041 9306458.181015344, 710825.2095851091 9306442.844626697, 710829.7017009481 9306430.307829749, 710832.3890454455 9306423.650709966, 710841.9935432888 9306413.937874211, 710850.1615211588 9306407.891279103, 710873.5348263326 9306395.36326213, 710877.3365490565 9306387.761945203, 710878.2085382872 9306387.117266625, 710877.5919212799 9306381.898957351, 710877.6002325767 9306375.052484125, 710878.130125839 9306365.549597071, 710880.9834126583 9306364.964077823, 710885.4250819307 9306365.954433419, 710889.9623278046 9306368.880027015, 710922.981470959 9306394.541970843, 710929.7418206658 9306394.01966547, 710931.760987928 9306395.361702943, 710933.0667022561 9306392.248956295, 710937.323340124 9306388.008368524, 710940.6574563198 9306376.60393558, 710940.6211745385 9306366.62750264, 710943.9571539785 9306346.606937628, 710961.5642853491 9306337.13041803, 710973.3179081251 9306327.984877864, 710987.7331241132 9306320.322818745, 710995.0076750942 9306321.203315418, 710998.121384019 9306322.23167451, 711021.1467913378 9306335.774437165, 711029.9663087183 9306338.463230869, 711035.9423607311 9306341.394640133, 711054.5325904655 9306346.602854157, 711069.7354845613 9306345.541025635, 711077.3261663825 9306345.093102757, 711094.8653220008 9306344.310338186, 711114.5898662703 9306347.96593604, 711123.598549814 9306353.972180083, 711135.6617132712 9306362.975761808, 711144.1010086493 9306364.581995621, 711150.8432014555 9306359.071440928, 711150.8975719579 9306358.805790858, 711151.8272310863 9306358.802406484, 711156.5 | AA3: 9651.1026 | AB3: 318923.78 | AC3: 11184.172 | AD3: 325455.28 | AE3: 12906.609 | AF3: 332627.1 | AG3: 12990.43 | AH3: 340557.68 | AI3: 12953.792 | AJ3: 349287.98 | AK3: 13722.161 | AL3: 351342.17 | AM3: 14522.977 | AN3: 353777.99 | AO3: 15167.905 | AP3: 356347.64 | AQ3: 15893.351 | AR3: 358150.81 | AS3: 16833.384 | AT3: 358790.88 | AU3: 18104.451 | AV3: 359198.45 | AW3: 3.1769829 | AX3: 3.0801329 | AY3: 0.12988948 | AZ3: -0.056407991 | BA3: 1.1863227 | BB3: 1.1671865 | BC3: 0.88814891 | BD3: 0.95655333 | BE3: 1.1829259 | BF3: 1.5101748 | BG3: 0.40959673 | BH3: 0.44072506 | BI3: 0.47684508 | BJ3: 0.51270587 | BK3: 0.11762169 | BL3: 0.1386581 | BM3: 0.14526925 | BN3: 0.10120293 | BO3: 0.035742727 | BP3: 0.022719065 | BQ3: 124312.41 | BR3: 368890.27 | BS3: 600011.08 | BT3: 708985.97 | BU3: 1157383.3 | BV3: 2959583
A4: Central Jakarta City | B4: IDN.7.2_1 | C4: 47.887 | D4: 673977 | E4: 777923.27 | F4: 890174.36 | G4: 881170.36 | H4: 848618.2 | I4: 853567.62 | J4: 857799.26 | K4: 870442.91 | L4: 906211.07 | M4: 958475.03 | N4: 1030501.6 | O4: 18539519 | P4: 18582692 | Q4: 18628571 | R4: 18639174 | S4: 18649761 | T4: 18658983 | U4: 18668219 | V4: 18682485 | W4: 18717026 | X4: 18722782 | Y4: 18724092 | Z4: POLYGON ((702582.5505558733 9321484.717731504, 702582.940452208 9321478.95416317, 702582.7364987492 9321419.253223576, 702579.5284946111 9321222.286381574, 702578.5547224414 9321183.52456495, 702579.054834002 9321083.695693983, 702587.2972893431 9321024.076473864, 702587.2873458611 9321021.167739222, 702595.6678918177 9321001.950063841, 702636.7924774408 9320927.59712527, 702671.2899411988 9320886.712120803, 702688.3621291043 9320874.532001816, 702691.5976616456 9320872.220460793, 702691.9399878604 9320871.9759705, 702742.0521963006 9320836.213543445, 702779.1588102151 9320820.27079657, 702817.9599335856 9320804.576598616, 702824.7125953338 9320804.608780432, 702828.084855791 9320803.435938094, 702843.2773697102 9320798.373754753, 702843.774934897 9320798.206151534, 702857.6184297133 9320793.579921642, 702864.3631383511 9320791.289531436, 702880.3896581298 9320787.33047817, 702892.2059308966 9320782.279842049, 702945.3138872358 9320755.04522539, 702978.2037724094 9320739.37114761, 703039.7207131187 9320701.290943434, 703081.8323640687 9320666.451404387, 703133.1935541345 9320620.553288784, 703159.2628208381 9320588.290359702, 703159.428030255 9320588.046473177, 703208.0065919147 9320518.4009327, 703253.2909436983 9320424.32403197, 703270.0025732738 9320371.676373955, 703284.1803699402 9320319.369202044, 703291.6902303707 9320294.922935888, 703291.5927139472 9320298.761090484, 703291.2122357341 9320313.682335913, 703289.451944042 9320381.320273839, 703292.0917247209 9320411.847866636, 703310.0381206789 9320473.799663376, 703326.5048938039 9320517.485424407, 703358.6229621182 9320602.691992411, 703397.7924512457 9320694.322337242, 703412.2676609848 9320728.60288363, 703423.3407190478 9320758.570652032, 703426.7475919025 9320764.254855527, 703430.1443071626 9320770.20453402, 703430.995019832 9320772.944493962, 703435.0280377651 9320770.773943428, 703435.6246976919 9320770.4511543, 703447.856319943 9320763.861625016, 703448.0993965346 9320763.72807014, 703461.4795635307 9320756.349332174, 703483.2568600744 9320744.340783255, 703483.466765569 9320744.218402132, 703599.5904541725 9320680.279615222, 703600.4745052792 9320679.834175851, 703604.6405769828 9320677.729512673, 703651.8474471765 9320650.304280246, 703735.4559371381 9320604.803373069, 703774.2934632812 9320583.666771961, 703827.185356671 9320554.872467477, 703839.8348893567 9320547.507189875, 703841.1163022728 9320546.728577143, 703846.8165848681 9320543.324587105, 703954.4587768533 9320478.97165914, 703957.3310901097 9320477.280640425, 703986.4853210327 9320460.191997122, 704042.1136935361 9320428.888438417, 704046.3329904308 9320426.175248269, 704057.0573922785 9320419.1151629, 704060.6469010715 9320416.747003088, 704004.6411236553 9320338.513259461, 703974.9460744492 9320298.213260233, 703959.6397934936 9320266.999273045, 703955.3428851337 9320247.183431903, 703956.9738442097 9320228.984051604, 703964.5321355565 9320218.67217316, 703981.3510614897 9320197.35682188, 703993.0912275772 9320173.48197714, 703986.3006319125 9320162.43428185, 703928.6394665192 9320095.23312353, 703871.853299527 9320034.565412004, 703861.6320228035 9320010.921096034, 703861.106915526 9320009.518280983, 703828.3815095342 9319921.748011224, 703807.9426524312 9319872.30266659, 703780.7612171334 9319825.722978503, 703756.9845067353 9319787.404462948, 703741.6397026591 9319744.953634003, 703745.6496369924 9319716.82523309, 703747.4005644573 9319704.531511467, 703753.1368733345 9319650.560936041, 703757.2885706967 9319631.457024315, 703837.3188245861 9319572.806387953, 703895.4709401565 9319538.529939383, 703919.9063416631 9319520.67219748, 703993.1914338187 9319467.41969793, 704003.0902716196 9319458.55963071, 704003.2999422706 9319458.37088655, 704123.9213709281 9319415.605646593, 704148.4734230549 9319434.765361337, 704167.0938146992 9319444.776770763, 704238.9746686082 9319472.167588102, 704278.697600228 9319480.093143322, 704341.2217132464 9319490.583235174, 704391.0861604295 9319499.004557358, 704398.6939834547 9319499.874124115, 704452.7603489796 9319506.9757859, 704589.6487935102 9319526.642704869, 704593.0257140084 9319526.841162333, 704684.2919796922 9319542.03154618, 704702.8740586439 9319544.123938467, 704728.2305933847 9319549.367115356, 704755.2761739172 9319553.277224148, 704755.5862731251 9319553.320390739, 704758.4767532501 9319553.697485102, 704787.3816354196 9319557.490541495, 704806.8055894682 9319559.745889567, 704831.3177675679 9319564.09608424, 704911.5939507786 9319576.625556542, 704914.9712639838 9319576.934596425, 704988.5139702151 9319594.928875016, 705003.716066417 9319595.926887268, 705060.3290928744 9319603.118755696, 705092.4392166551 9319608.648058625, 705111.021023906 9319610.640793564, 705188.7482809646 9319619.075466983, 705211.5773191222 9319626.42864985, 705256.3753255854 9319635.718523946, 705280.6063160696 9319638.753374495, 705298.0929242095 9319640.937878931, 705410.1446920014 9319654.960145386, 705439.702682251 9319652.32471114, 705455.6654421203 9319655.58729738, 705545.9001514233 9319606.244209211, 705656.1438481956 9319545.948179465, 705658.9460599422 9319546.40295946, 705736.0116804722 9319558.688143076, 705803.144330412 9319566.78283056, 705876.0675815577 9319591.093586214, 705924.6830148047 9319657.075083196, 705928.567972915 9319752.311576117, 705951.8420791785 9319757.074892038, 705951.8642183894 9319757.074814957, 705955.9543086322 9319720.462530013, 705951.5964939926 9319680.18556916, 705943.0036641122 9319638.076311184, 705931.8821441059 9319597.76760519, 705919.9377152451 9319562.737458752, 705907.1495655638 9319530.187725458, 705890.9849197632 9319494.387006458, 705871.438668112 9319460.223905021, 705855.3195141652 9319440.659326399, 705841.7805190444 9319430.896113863, 705975.2108029649 9319353.607580518, 706044.4225002511 9319313.505577669, 706054.1773092733 9319307.85301436, 706059.2298378699 9319306.043656135, 706082.0038392723 9319297.580661768, 706178.9389791832 9319243.080997739, 706237.9448387463 9319209.495547099, 706285.7519793684 9319183.348361785, 706363.5448660852 9319140.804785764, 706407.3786365719 9319118.033637544, 706413.2790554197 9319114.949358448, 706463.0113557419 9319088.562993605, 706487.4569754627 9319073.822833862, 706526.1157833395 9319052.684438251, 706544.6993983714 9319042.521531522, 706580.1605664698 9319018.651338039, 706580.3041993403 9319018.573414538, 706684.6869341136 9318963.637368865, 706686.5985913454 9318962.668444246, 706713.3612069917 9318948.937590152, 706742.0121690042 9318930.742851347, 706800.9909192248 9318892.721595779, 706803.0567715976 9318891.530922242, 706838.9160485301 9318870.755976893, 706876.0109511046 9318851.956452033, 706911.4232732591 9318833.162790252, 706940.1100573051 9318815.74200833, 706950.1840779227 9318809.612537626, 706976.3116749676 9318794.755606899, 706998.2341528065 9318783.441606311, 707025.2153600481 9318768.94664225, 707196.3047665991 9318670.364170887, 707231.6934299665 9318648.0310612, 707269.6146108331 9318625.014359033, 707398.5667766731 9318546.874488404, 707479.4658805509 9318497.173104921, 707489.5729394923 9318491.021271277, 707511.4735553012 9318473.535473963, 707519.3592241762 9318468.408983331, 707555.9600705288 9318444.57820897, 707592.3621079547 9318420.880824799, 707632.8036727812 9318393.795823922, 707686.7271805095 9318357.05198863, 707701.0675526457 9318352.256681982, 707755.986732282 9318359.396370227, 707839.669758989 9318377.395467672, 707868.4014826266 9318385.42359773, 707908.9871241282 9318396.130795212, 707973.2322066992 9318414.16500646, 708017.5141374199 9318424.582612827, 708031.5509702939 9318427.884414883, 708051.404153194 9318432.548251506, 708055.3925171329 9318433.485379782, 708063.1809475627 9318435.327118425, 708089.8697387215 9318441.592713773, 708098.0225298686 9318443.167717485, 708114.5385516128 9318446.35016096, 708129.4436175002 9318451.009297095, 708133.3222653933 9318452.223314716, 708149.4146123877 9318454.544541338, 708165.5731116303 9318459.929229409, 708179.761011683 9318465.254500866, 708191.336937099 9318467.569522396, 708175.5049466396 9318444.907524068, 708163.3519139751 9318432.750883063, 708156.0567952911 9318423.264761383, 708148.7434282622 9318408.602491252, 708127.5726355441 9318366.172469085, 708095.881923794 9318310.097969245, 708021.461540712 9318200.310540477, 708001.231052569 9318176.513771052, 707983.3847542288 9318153.91416661, 707970.2995241431 9318125.358414257, 707947.698353216 9318088.474632291, 707927.955409242 9318064.79780251, 707925.2685463672 9318062.517794553, 707909.6247218542 9318049.22317297, 707884.3534983854 9318030.520818302, 707884.0393467385 9318029.327416072, 707899.2438594223 9318027.902369173, 707890.746237619 9318013.266393252, 707845.6455144765 9317918.01942404, 707824.3562068659 9317866.995997252, 707792.7402498208 9317762.88650041, 707779.044916576 9317711.935870273, 707758.4802524257 9317627.78441299, 707702.9131292404 9317436.538110107, 707651.5588906236 9317243.949777229, 707606.9593914318 9317048.871250037, 707597.5339075866 9317009.618429823, 707594.0774808758 9316986.835420055, 707587.9791078042 9316936.80924807, 707584.5114160895 9316910.829865092, 707582.527138779 9316856.619479436, 707581.7076223289 9316834.523974575, 707574.6543023242 9316749.108350907, 707561.4944882225 9316608.236009326, 707556.1543137173 9316531.518775618, 707551.4374061894 9316392.983570967, 707547.4073135311 9316336.22548404, 707537.228461388 9316193.208020288, 707527.2437514418 9315995.419485312, 707524.4110658664 9315910.995476296, 707515.2671979523 9315713.14867824, 707512.54309588 9315659.516043445, 707514.2082795147 9315654.610472169, 707509.8996354574 9315628.733616503, 707509.8994793093 9315628.68937602, 707508.143514205 9315611.010222064, 707506.2989114095 9315565.083483458, 707506.969458906 9315516.725669928, 707506.0137076536 9315484.289307658, 707498.1008796502 9315396.93014594, 707495.4208457996 9315355.795449253, 707478.0359585935 9315215.999877224, 707474.5832199985 9315194.278663868, 707470.2730812269 9315167.981532179, 707467.7065967132 9315168.410884777, 707455.9251662153 9315170.399091294, 707450.859000644 9315171.36816167, 707387.5567016986 9315181.092398316, 707341.136064522 9315188.102528745, 707314.9720669388 9315192.099121822, 707296.3971862956 9315194.907601243, 707276.1363326346 9315196.726599915, 707231.3988106719 9315200.777613347, 707174.3009298358 9315205.867596677, 707173.9800120372 9315205.890848717, 707135.1440081787 9315207.299699392, 707087.0010437429 9315206.142171945, 706935.8277079324 9315201.664509939, 706918.9211300412 9315197.299962057, 706884.2815559312 9315192.776648842, 706739.8253887878 9315181.472813588, 706729.9481355024 9315180.401546925, 706704.3470540971 9315177.638086105, 706604.657904383 9315167.503648248, 706591.9484939456 9315166.851546833, 706586.0809515757 9315166.562492883, 706548.908402168 9315162.523490818, 706530.3257418846 9315159.956488796, 706516.8122447868 9315160.424278952, 706484.715317576 9315158.103848973, 706457.6731728907 9315154.725980818, 706454.297003622 9315154.6825439, 706377.4059862747 9315143.40584827, 706292.9003455543 9315126.02845452, 706278.0289501875 9315121.203129306, 706157.6282589899 9315082.096667077, 706084.8797405418 9315046.284682166, 706051.0408360881 9315030.111750131, 706037.5038894913 9315023.877054006, 705999.7259645571 9315004.963933783, 705997.7411734206 9315003.97547896, 705947.8073423196 9314971.76639847, 705943.5827968017 9314969.679778729, 705940.1855736991 9314966.782865545, 705917.8093721301 9314949.26458914, 705877.5301014481 9314917.751595777, 705877.3193310356 9314917.619612614, 705870.7521264821 9314913.495070776, 705866.5310781075 9314912.403850261, 705844.5299376547 9314900.823552493, 705816.5872766845 9314880.460181592, 705742.9470923739 9314830.095865082, 705711.6272476974 9314809.368251875, 705627.8448562389 9314758.032901984, 705617.6838202818 9314751.742077904, 705617.594961258 9314751.653907856, 705602.4426118482 9314739.242176414, 705545.7288036312 9314702.046379955, 705540.646243678 9314698.314782966, 705539.8917181394 9314697.786537308, 705528.795596641 9314689.972676927, 705493.2270702149 9314660.20160585, 705489.8432043423 9314657.946120178, 705482.2218734854 9314653.062091203, 705454.2972079314 9314634.600901796, 705448.3765811548 9314631.768104887, 705433.1385809164 9314623.327240448, 705417.0642092873 9314613.108617134, 705412.8208299717 9314608.787889803, 705400.1011459064 9314592.485507905, 705395.856530892 9314587.810859967, 705372.9924848464 9314569.962369502, 705338.2868832694 9314546.34872672, 705322.2149128877 9314536.804748481, 705313.7557681479 9314532.88586894, 705246.0072049797 9314479.956745755, 705227.3898952322 9314467.369056048, 705184.1911640931 9314430.07049538, 705119.8597115732 9314385.678825459, 705116.4611381247 9314382.372666644, 705107.9972031453 9314377.071269223, 705107.74193074 9314376.873079179, 704970.8201061216 9314268.48674045, 704950.4965483755 9314252.210881703, 704924.244339177 9314230.779592691, 704883.5768588074 9314192.377125693, 704869.1719807676 9314181.555338938, 704862.4040152853 9314176.944785777, 704826.8740619043 9314158.023335127, 704820.1092311423 9314154.30863682, 704810.7951353061 9314149.596368175, 704810.9488585186 9314149.24190799, 704814.5500532336 9314140.845772238, 704835.0920863927 9314092.916949974, 704850.0407943929 9314066.1324579, 704850.1948260287 9314065.866477283, 704857.775460284 9314059.13757462, 704872.9726682625 9314059.139796954, 704900.8812214322 9314069.958645664, 704932.1940366491 9314088.883716391, 704970.2822657117 9314114.542834729, 704985.4890814791 9314117.287908303, 704997.3150236057 9314118.61803767, 705020.102281543 9314114.578878094, 705071.5542359322 9314097.001456438, 705136.5115569283 9314076.733381052, 705173.6452398277 9314069.956368648, 705217.5402988187 9314065.898588067, 705247.9362464737 9314063.159925068, 705262.2782309316 9314059.150210464, 705281.6451127928 9314045.578008411, 705296.7762705128 9314026.700696837, 705304.3188476235 9314009.110797368, 705315.1806247423 9313975.31723335, 705325.9997507198 9313929.346599013, 705331.7635102808 9313887.397428943, 705328.8751942189 9313859.115704618, 705326.5143055626 9313836.052519822, 705324.7465811956 9313811.693221852, 705308.5645293327 9313773.82466832, 705280.5188038901 9313723.831504991, 705258.4419283497 9313687.29974976, 705222.8718387318 9313660.061505457, 705207.6346357302 9313648.61230634, 705178.0083002663 9313627.668576486, 705146.68503865 9313605.735364994, 705129.7778569236 9313600.994437292, 705113.7284806299 9313600.995299064, 705098.5347005764 9313601.94433375, 705083.3608879779 9313608.600319974, 705062.2899721813 9313619.11479475, 705050.4985929611 9313627.639158545, 705037.0305727023 9313640.98053737, 705021.0311691242 9313655.270874878, 705007.5531958243 9313665.769826243, 704993.2238089512 9313673.351878151, 704981.4158590143 9313677.142547837, 704966.2187415031 9313677.14038303, 704945.9490084113 9313676.215838095, 704917.2272424528 9313673.36319016, 704874.1495734141 9313670.50540084, 704847.9823909316 9313673.339751484, 704822.6698551413 9313680.020022595, 704798.2051605701 9313688.599658191, 704771.2367225782 9313702.872922683, 704763.280723515 9313706.69432845, 704743.4127240212 9313716.20904955, 704729.9190449333 9313719.054379042, 704708.7904166512 9313716.230410244, 704687.6660262747 9313711.448781252, 704667.3596342695 9313700.01716816, 704645.339943119 9313682.906638874, 704632.6176717737 9313665.752591394, 704624.119139903 9313650.49719737, 704618.1222624425 9313625.776685318, 704609.5406955045 9313586.731306493, 704600.1079761817 9313544.835394733, 704594.0709929926 9313508.6235822, 704589.7988683619 9313496.029982092, 704589.209041208 9313495.114052823, 704578.9716768344 9313498.567359185, 704568.4600790079 9313493.217782488, 704533.4103037778 9313475.367455952, 704507.7735451625 9313458.88889973, 704500.9860586153 9313454.997311598, 704498.9765142046 9313453.234708805, 704494.5502514103 9313450.385589674, 704494.8475142329 9313449.931088533, 704494.0262574117 9313449.303528892, 704494.1584985723 9313449.137166034, 704494.2135701103 9313449.059553204, 704485.7384427116 9313440.495433215, 704465.4253971984 9313427.117236115, 704441.2979062195 9313408.587279703, 704437.5355569229 9313405.680541392, 704437.4912064495 9313405.658575935, 704434.9386233398 9313403.698784856, 704406.1803207332 9313390.305796571, 704400.3859559501 9313388.711235367, 704378.7569448008 9313378.832597367, 704366.6834157285 9313379.449830985, 704365.6087474579 9313379.154956652, 704340.265270843 9313376.920721002, 704313.2510231615 9313378.02138586, 704283.7177501086 9313383.610153252, 704282.9766743171 9313383.75651784, 704261.507770601 9313384.871005654, 704222.5281208658 9313398.555464359, 704222.1846177154 9313398.446060691, 704222.1410768029 9313398.656353936, 704222.1192870783 9313398.755970582, 704187.3502176378 9313410.57869356, 704143.1840921394 9313425.597309116, 704121.4271927682 9313433.005925126, 704121.4943345953 9313433.215832653, 704025.1018130884 9313465.747360317, 703956.981506167 9313489.730427703, 703955.6289008122 9313489.082591092, 703955.9650301158 9313490.253788076, 703943.1975596643 9313495.020864833, 703927.0917280504 9313501.027220974, 703904.3865747682 9313509.489744939, 703867.4320154265 9313523.078391671, 703843.7868132956 9313531.765357925, 703805.8815141593 9313545.689065566, 703805.7928907012 9313545.667253619, 703760.7366053391 9313562.557765003, 703674.6906304756 9313594.455382373, 703643.8929872182 9313605.699853092, 703521.8650109188 9313650.817282848, 703500.171233177 9313657.307417313, 703460.5302133566 9313671.845179906, 703458.0645492751 9313672.594759688, 703436.9020805991 9313679.094082288, 703436.7696061557 9313679.194082305, 703430.1681735448 9313684.238245426, 703407.3427489841 9313693.154412618, 703361.4453902221 9313710.124886898, 703338.4080810368 9313718.588294923, 703306.1900413593 9313728.808893204, 703274.9761450267 9313738.14118697, 703246.2861158752 9313744.356845567, 703206.6197961723 9313751.616994368, 703165.26376938 9313756.7705052, 703124.7491278312 9313761.97636984, 703090.1477282525 9313767.958042953, 703080.8668478818 9313769.560711812, 703036.1279394391 9313775.887142811, 702998.9903997014 9313781.446198998, 702993.0722579167 9313782.45102947, 702924.6118388159 9313791.447532307, 702924.0572747451 9313791.117651487, 702924.1257516125 9313791.714654721, 702750.4787285416 9313818.992081769, 702695.13534799 9313825.056278326, 702614.1084475298 9313836.152986627, 702561.7848609234 9313844.872069936, 702528.0249863907 9313850.950012874, 702501.8688441539 9313856.946376264, 702473.148366745 9313863.969098797, 702430.329388199 9313871.770434758, 702407.514110339 9313877.24645854, 702382.7291309421 9313882.86198979, 702348.2957964251 9313889.439840283, 702280.788190475 9313905.123518443, 702230.7123886428 9313917.318409113, 702203.1071536036 9313923.57399773, 702203.130014752 9313923.784058204, 702174.8389622085 9313930.163655968, 702142.3347737924 9313937.685876392, 702100.2191671961 9313947.25411124, 702075.7890368915 9313953.067351691, 702025.7332036326 9313964.642616436, 701973.6474841463 9313974.952928873, 701909.2203281845 9313991.654087376, 701765.6227672955 9314025.040518364, 701730.6315176925 9314030.325867828, 701679.8753645415 9314041.040531633, 701675.7830242406 9314041.90621766, 701674.0679778911 9314032.41163202, 701672.3511422209 9314025.615676304, 701671.4863747978 9314018.761491204, 701661.1797404146 9313969.91202669, 701658.6028545054 9313957.633302132, 701653.4612168088 9313933.385489848, 701638.882097162 9313871.632720474, 701629.3508354593 9313800.4174155, 701629.3410230551 9313797.563986886, 701625.7727953263 9313764.153144343, 701624.1031286285 9313748.542262923, 701621.5527189863 9313740.742722109, 701610.266890255 9313651.760148488, 701602.4003746184 9313575.418380301, 701603.1876906928 9313556.536370002, 701602.2267918412 9313524.952511827, 701597.8811875662 9313487.57383265, 701597.0135295757 9313483.097545182, 701567.9173770782 9313371.182657048, 701550.121982899 9313320.401375657, 701550.0102361594 9313320.092082037, 701549.8873832294 9313319.77176669, 701539.7986898982 9313295.651585726, 701505.7803989048 9313226.478151225, 701498.0535052168 9313210.025437508, 701481.7167432613 9313161.749750566, 701475.0120843388 9313149.662192468, 701453.4390321358 9313110.739094546, 701415.7630292492 9313043.226174712, 701397.373007401 9313009.379694829, 701396.0900992315 9313006.453227278, 701379.9327654006 9312974.921653386, 701372.1133839447 9312963.744842, 701356.665717572 9312935.805302044, 701349.3926345624 9312925.776843458, 701348.5236973525 9312924.142963177, 701313.7265586725 9312872.999882726, 701288.2686769781 9312837.275394952, 701284.0247152647 9312832.644820103, 701275.5464550896 9312822.974419957, 701274.7349522469 9312821.948637499, 701261.1290472897 9312804.94101997, 701237.3903666489 9312776.698178917, 701216.20152824 9312752.881595803, 701207.7318044121 9312745.688583294, 701188.9157106703 9312729.517300244, 701187.3615510361 9312728.17333223, 701158.36142311 9312708.387271564, 701025.7713196189 9312594.173668902, 701025.6604118684 9312594.107690407, 701009.090029427 9312580.80423912, 701008.7237605288 9312580.506879676, 700976.5395153032 9312552.027561644, 700972.8975228927 9312548.633618811, 700951.5948193606 9312530.280975237, 700905.4065110811 9312494.48382828, 700889.3143494962 9312481.83125107, 700861.3902178612 9312462.671827547, 700858.0078119973 9312460.736896047, 700844.4561908803 9312449.811994992, 700814.8026548929 9312423.381085008, 700806.9101219571 9312416.639517013, 700714.2117263667 9312344.681204448, 700602.4479910939 9312257.934768703, 700581.9740263807 9312242.34418218, 700577.7350564732 9312239.140291676, 700571.808724293 9312234.471222488, 700570.1651781219 9312232.873175181, 700563.4067458806 9312227.620784907, 700563.3402247896 9312227.587833341, 700553.1905081649 9312221.030943906, 700549.7974026711 9312219.195577135, 700544.7272834382 9312215.684858134, 700542.1869365869 9312214.001405867, 700523.5542551156 9312199.565782396, 700521.7000424957 9312197.857857788, 700505.7672516252 9312183.213898407, 700488.8234636993 9312167.456354886, 700483.7481220299 9312162.419388186, 700480.3521039222 9312159.732418668, 700474.4246892844 9312154.742611516, 700470.1969898697 9312151.593977466, 700465.9553423164 9312147.604840668, 700455.8005737324 9312139.565935811, 700450.7173913054 9312135.469083782, 700447.3362724471 9312133.89910928, 700432.0955995234 9312124.196530752, 700368.6018531075 9312073.472324792, 700279.6942480223 9312002.794649465, 700271.2238132702 9311995.325071339, 700260.2147579109 9311986.66972116, 700256.8283902816 9311983.56243671, 700251.7437979653 9311979.045305321, 700243.2790134911 9311973.22362519, 700238.2000282229 9311970.343333475, 700217.8878901133 9311956.698657427, 700198.4326796752 9311944.422465729, 700178.9581188302 9311929.724227183, 700158.6355247595 9311913.015993917, 700145.0858439076 9311902.57763164, 700134.0800453108 9311894.862344664, 700110.380550267 9311877.800685434, 700071.4217705312 9311845.550762432, 700008.79454125 9311802.04545797, 699977.4822223932 9311782.27802884, 699930.0967394942 9311755.277124234, 699870.8749732968 9311720.408878664, 699862.4097054435 9311714.421269048, 699816.6977135004 9311681.56392658, 699773.5430079704 9311655.344784489, 699747.2964509896 9311634.553517418, 699730.3591317597 9311620.576469133, 699710.3154940465 9311607.693896532, 699698.2028217064 9311599.915983154, 699681.2788648696 9311589.843001934, 699657.5586072349 9311566.620977564, 699626.2366286442 9311543.944728453, 699575.4498030511 9311509.312917458, 699521.2668558776 9311468.676131587, 699493.3270212475 9311444.616874464, 699488.2419754593 9311439.933811104, 699484.8571575513 9311437.257830424, 699481.1398564912 9311434.450266883, 699350.2468347352 9311335.624094572, 699333.3152944269 9311323.28381567, 699305.377678264 9311303.073317604, 699284.2161067044 9311286.854407802, 699267.2833520343 9311274.149148162, 699249.5139542639 9311262.762856765, 699235.1236244887 9311252.3714796, 699141.129556522 9311175.748936018, 699110.6372301577 9311146.32321915, 699107.2472082002 9311142.10993159, 699093.74195883 9311144.589126753, 699075.148106909 9311141.323507186, 699068.6154023564 9311134.0241861, 699068.3710104468 9311133.759583894, 699068.2717036153 9311133.848400779, 699057.4246323903 9311143.385739185, 699005.1223293918 9311157.488257134, 698983.1741199009 9311160.471762229, 698967.9714482669 9311158.51067105, 698957.8300531346 9311154.276137516, 698901.9736765826 9311119.240949247, 698896.8935725546 9311115.984552177, 698888.448960645 9311112.750672475, 698878.2977575064 9311108.881135527, 698862.2515301635 9311109.455585992, 698858.8759170622 9311109.467080012, 698855.5017350031 9311109.898840925, 698820.8904309152 9311112.394533772, 698749.9543561655 9311111.474702848, 698746.5787448215 9311111.486190343, 698712.8028323109 9311112.286828307, 698686.6319664135 9311113.537144952, 698682.457020584 9311125.838762373, 698679.1196342384 9311137.08685078, 698685.1039893951 9311158.898496585, 698689.3594903888 9311170.275592633, 698672.5508963048 9311194.011754286, 698667.5294501972 9311207.997333167, 698697.317388757 9311274.453761347, 698727.9419194772 9311342.809628986, 698743.2779882404 9311380.725689046, 698750.9878743258 9311415.239159852, 698744.7608980429 9311569.411566308, 698716.5261758659 9311709.15940396, 698721.8371900253 9311780.333143104, 698721.9953710507 9311781.283746341, 698745.1194251323 9311922.2726225, 698770.916177512 9312061.57134457, 698783.8237339418 9312130.662162038, 698803.5844700115 9312229.690640178, 698807.9493482463 9312273.240284618, 698808.5538888711 9312281.776381293, 698808.8325953293 9312285.624238025, 698809.7628015272 9312308.570122918, 698807.3377477673 9312340.795505572, 698801.4891642913 9312358.9534187, 698783.0528744882 9312402.16025778, 698764.6141687214 9312441.407690099, 698746.1659794572 9312481.130711474, 698729.3801553345 9312511.723759111, 698722.6580422489 9312536.66425985, 698730.6937227297 9312562.83758271, 698739.6146805438 9312575.924185032, 698744.965756131 9312590.504919402, 698742.5892779271 9312601.207792789, 698737.2347293603 9312627.979572335, 698723.175959019 9312672.907872166, 698695.5066171533 9312731.795554746, 698677.8961654049 9312767.301893812, 698675.3802348847 9312772.796078803, 698666.9960837618 9312790.697121043, 698664.6699531362 9312793.414658302, 698656.037755393 9312803.453041714, 698647.120078262 9312814.16703754, 698644.397877725 9312850.209004192, 698648.8537535305 9312917.381989677, 698650.5548735287 9312922.917163534, 698651.4244367098 9312928.023827361, 698655.44441738 9312938.483792258, 698678.4995721199 9312945.129916297, 698686.9808698407 9312955.851238871, 698689.5596276401 9312968.87090082, 698673.7676876655 9312982.561175851, 698669.1239602371 9312983.992580162, 698648.5968160233 9312991.72663345, 698622.9605610829 9313000.73881954, 698618.7406765459 9313003.130981402, 698604.8831719242 9313009.570522303, 698585.5463544355 9313022.354824848, 698584.3103837268 9313023.431813056, 698572.4579617584 9313033.658044487, 698559.765767085 9313041.033700084, 698542.7191041454 9313033.957942765, 698531.0210596255 9313030.956163239, 698512.4208374717 9313025.953840774, 698496.3217909066 9313030.686685693, 698493.9412449221 9313043.47983747, 698487.199107219 9313056.044455431, 698474.3136241636 9313058.642926779, 698457.3643864904 9313057.45060776, 698439.8154730477 9313052.400460344, 698431.7851029455 9313053.887555946, 698431.0622635349 9313056.146195441, 698429.7043410572 9313060.430922126, 698432.075959292 9313067.86610388, 698455.1846614708 9313080.517590348, 698463.6532923774 9313087.51184262, 698463.0083981322 9313112.77451721, 698460.4476587751 9313137.722949488, 698451.2081136332 9313151.46835323, 698410.7780214378 9313181.344994236, 698392.8150181582 9313191.293253353, 698380.034435313 9313195.461823795, 698364.5632869434 9313205.866142642, 698360.2164606062 9313213.268776245, 698351.8030284423 9313222.576395785, 698353.6419369217 9313265.548367277, 698349.4934272624 9313289.03120622, 698340.2886451199 9313313.062028334, 698329.3595307546 9313327.963329177, 698313.9637524438 9313337.759080036, 698279.7981038291 9313348.038615301, 698264.3369547154 9313358.144243252, 698256.3075491529 9313373.013591243, 698252.43572584 9313383.422852691, 698261.0648417284 9313405.137119003, 698272.6622122964 9313430.7122544, 698288.72408329 9313447.667800477, 698305.3419081916 9313465.37352644, 698317.2392914002 9313488.01681282, 698318.0888428984 9313490.491321893, 698334.9636105769 9313485.999256914, 698375.5067782952 9313489.44539586, 698387.335085847 9313491.67260655, 698410.1400156394 9313493.02211389, 698496.2938035061 9313499.37729529, 698573.9937900594 9313503.117715947, 698607.7819764516 9313505.535911068, 698677.0342663 9313508.46428389, 698718.3732364669 9313511.553585997, 698724.329412112 9313511.99790093, 698739.8256810796 9313597.116662363, 698755.226485049 9313657.340205397, 698769.7157086852 9313696.796588542, 698783.358033823 9313734.563699333, 698784.2245945063 9313742.048228208, 698813.2381305604 9313831.29071417, 698817.5120807219 9313844.824447563, 698845.5722173784 9313904.219838655, 698851.5258668188 9313916.96263327, 698860.8663621248 9313929.693943376, 698866.7930091616 9313937.73642403, 698870.2005934934 9313943.840925947, 698892.2645751471 9313977.94081906, 698899.9044990649 9313988.565477181, 698902.447877774 9313991.14484008, 698909.2393094453 9314002.878353475, 698923.654808693 9314020.558290938, 698944.8389906264 9314039.995894084, 698955.8520501878 9314053.086499969, 698993.9715399889 9314085.81580637, 698998.2006633268 9314089.384829246, 699038.824042414 9314116.299237806, 699047.2898408571 9314122.397634136, 699059.131919648 9314128.62835014, 699093.0232931145 9314161.316670327, 699097.2454142079 9314166.080170376, 699097.2565574475 9314166.102252143, 699099.8477341435 9314182.760561261, 699113.5083686936 9314225.847380966, 699116.0703838064 9314233.912332956, 699120.3125451541 9314238.05641701, 699143.2140011885 9314270.992166892, 699172.8954908643 9314305.75188653, 699195.7633133574 9314325.504470702, 699225.3725500954 9314342.225898348, 699229.5978010737 9314344.644708104, 699246.5109941289 9314351.389057461, 699320.9272686252 9314381.82728244, 699327.6896316414 9314384.967416529, 699344.6082268012 9314393.293277659, 699364.9132344804 9314404.726495637, 699453.7237135279 9314446.451993693, 699458.8028187165 9314449.332401976, 699481.6566776119 9314464.926477497, 699496.8960191974 9314477.416503951, 699511.3252330171 9314499.044686198, 699545.319842661 9314561.958995378, 699558.9022979342 9314581.942142855, 699564.8330249955 9314587.883220043, 699572.439138353 9314591.761475604, 699619.8366566566 9314621.815734193, 699638.4763450832 9314641.483062718, 699639.6904616999 9314643.735136714, 699642.7315133787 9314649.431661025, 699652.0687405975 9314664.37490122, 699664.815854053 9314686.064093959, 699677.561197686 9314710.485067979, 699695.4051028816 9314743.493241575, 699696.8319283875 9314746.452420633, 699697.0994863969 9314747.015561476, 699727.7890073062 9314830.656146495, 699728.6694439384 9314838.936958503, 699749.3552976052 9314962.272100274, 699749.6841412848 9314964.5824848, 699758.862631473 9315027.216225209, 699765.8195090105 9315087.523900732, 699771.9045342074 9315138.820787204, 699775.3111960245 9315147.86719816, 699816.8307752616 9315249.210954893, 699821.2952270139 9315260.100760428, 699824.6993896794 9315265.154583935, 699836.6047541978 9315289.899166279, 699862.1509811999 9315354.987845803, 699880.0933517112 9315413.63239032, 699883.523731569 9315429.646414762, 699888.6600634765 9315452.578090236, 699911.7520857219 9315547.82422235, 699911.785704892 9315547.945766144, 699914.3317080513 9315551.266116314, 699927.0469081023 9315563.510344133, 699947.3367761611 9315570.342670152, 699958.3287528841 9315573.84442855, 699987.0404421008 9315577.009411186, 700049.5521879506 9315582.39299568, 700062.2946597054 9315583.123820914, 700086.7168427283 9315584.533781392, 700143.3235922398 9315591.563165745, 700209.2059245075 9315595.35355643, 700222.7207205822 9315595.351768276, 700308.0107749094 9315597.17365456, 700335.028397212 9315593.653037746, 700346.3245614 9315592.20994085, 700346.8445553276 9315592.141809616, 700347.1640848832 9315594.960983226, 700349.4566994528 9315614.860905895, 700349.5201313325 9315633.474422596, 700347.9603642852 9315672.720096247, 700338.8914532327 9315736.610585418, 700330.663938078 9315800.564558709, 700327.4859704531 9315858.683842627, 700322.5834233363 9315914.187812546, 700320 | AA4: 14074.321 | AB4: 387151.4 | AC4: 16244.978 | AD4: 388052.96 | AE4: 18589.061 | AF4: 389011.03 | AG4: 18401.035 | AH4: 389232.44 | AI4: 17721.265 | AJ4: 389453.53 | AK4: 17824.621 | AL4: 389646.1 | AM4: 17912.988 | AN4: 389838.98 | AO4: 18177.019 | AP4: 390136.88 | AQ4: 18923.947 | AR4: 390858.19 | AS4: 20015.349 | AT4: 390978.39 | AU4: 21519.444 | AV4: 391005.74 | AW4: 3.0845645 | AX4: 2.8859166 | AY4: -0.20229747 | AZ4: -0.73883905 | BA4: 0.11664646 | BB4: 0.0991519 | BC4: 0.2947927 | BD4: 0.82183821 | BE4: 1.153461 | BF4: 1.5029417 | BG4: 0.046574024 | BH4: 0.049378206 | BI4: 0.011383589 | BJ4: 0.011359945 | BK4: 0.009889671 | BL4: 0.0098997893 | BM4: 0.015283729 | BN4: 0.03697688 | BO4: 0.0061505498 | BP4: 0.0013993647 | BQ4: 9523.0589 | BR4: 62315.363 | BS4: 210112.13 | BT4: 274997.41 | BU4: 357436.03 | BV4: 914384
A5: West Jakarta City | B5: IDN.7.1_1 | C5: 125.47 | D5: 1491560.9 | E5: 1728758 | F5: 1997949.3 | G5: 2021785.6 | H5: 2039517.2 | I5: 2203855.8 | J5: 2379320.7 | K5: 2512982.6 | L5: 2636016.4 | M5: 2791995.3 | N5: 3002816.9 | O5: 43268537 | P5: 44032239 | Q5: 44858496 | R5: 45896641 | S5: 47060242 | T5: 47317782 | U5: 47605131 | V5: 47877290 | W5: 47997237 | X5: 48004584 | Y5: 48025519 | Z5: POLYGON ((688670.7127196039 9325974.502327533, 688673.2616710218 9325947.38821181, 688689.390560315 9325929.874780025, 688714.0871931468 9325919.246246869, 688721.8648517481 9325921.322903575, 688734.3339521294 9325898.191897785, 688761.2690794386 9325902.320278263, 688777.8709620152 9325904.866685975, 688779.2821285051 9325903.037456792, 688791.5519155259 9325893.896937853, 688805.2461760549 9325890.635399288, 688841.5319007233 9325890.15566109, 688867.5339959937 9325893.280559847, 688884.2418279999 9325894.32255281, 688904.2260961946 9325891.782052033, 688952.0759659092 9325886.554429704, 688952.7015899101 9325884.86039184, 688953.3928204294 9325886.406491555, 688953.5934776756 9325886.84822432, 688963.616113203 9325909.20031584, 689009.704115143 9325931.38292922, 689041.1889167429 9325928.474193355, 689082.2503253135 9325918.921701718, 689116.1407424035 9325899.626617406, 689127.8173184032 9325895.431360103, 689146.1923567165 9325909.064437836, 689196.4182882088 9325899.073627828, 689233.2453664235 9325964.582262855, 689253.6054030235 9325954.85196733, 689277.1155747145 9325943.607621588, 689294.0216295016 9325965.252197802, 689346.368952323 9325926.047143428, 689346.9652161777 9325925.569705673, 689354.9702698763 9325919.052551392, 689386.7898073347 9325892.542186303, 689391.6919090298 9325888.456839146, 689420.0004690118 9325864.87722212, 689431.7036579351 9325855.119023282, 689445.7254384363 9325843.440215979, 689466.637946045 9325826.431101704, 689498.7905383058 9325800.251367657, 689531.6278666559 9325766.604453512, 689539.2073801475 9325758.562440142, 689539.5601045742 9325758.085773002, 689563.5921947374 9325726.47957388, 689581.258853982 9325705.267140828, 689606.4747020535 9325666.479707843, 689641.8112052039 9325625.083286686, 689662.8584863213 9325601.758812165, 689688.9654973665 9325578.683660738, 689695.7009927195 9325573.2874558, 689707.4973868129 9325565.021874014, 689707.6738707799 9325564.822246531, 689731.0651863847 9325537.155058032, 689734.3825992099 9325518.631337948, 689738.5267509369 9325495.5264615, 689741.0392225487 9325488.440555677, 689777.9073039122 9325396.155542068, 689781.2682804575 9325391.334077153, 689784.6492785703 9325392.805258248, 689800.6007969918 9325361.434718559, 689806.4749624371 9325349.759580325, 689838.37590093 9325289.860699274, 689866.0811586038 9325236.876112357, 689883.697357725 9325199.904243646, 689901.3249417879 9325166.515524263, 689934.072663181 9325104.932829835, 689958.4061659947 9325056.913436498, 690005.6491234796 9324972.579818204, 690029.7878930956 9324929.4934122, 690044.0916714384 9324912.626673892, 690056.7161967084 9324896.815914253, 690073.5455033145 9324876.988287956, 690095.4287465638 9324855.607296364, 690109.7594037598 9324847.178663997, 690125.7598357893 9324831.257578105, 690133.3312414095 9324824.21079003, 690166.1373717472 9324781.085569672, 690203.1434547058 9324732.450454589, 690226.6901413044 9324701.630518105, 690251.0885491201 9324674.081389908, 690282.2980796332 9324626.747570924, 690283.8734122033 9324624.353736486, 690285.5577811474 9324621.439767854, 690306.5456821974 9324583.196114121, 690314.9534275585 9324571.14782321, 690335.1328188839 9324543.180799423, 690381.4123782265 9324490.246974347, 690386.4605363654 9324483.429382669, 690501.6470281153 9324322.535571778, 690522.6658598067 9324294.045961363, 690540.3490212745 9324274.79045795, 690613.5209431464 9324181.746693157, 690618.5715579495 9324175.714268059, 690637.1132485553 9324151.490344562, 690646.3289699848 9324139.450440897, 690678.2977656648 9324101.270903049, 690708.5786472916 9324064.899409011, 690796.8733463526 9323944.899522843, 690830.5286558415 9323904.557872303, 690852.4110049914 9323879.648501169, 690902.0692937702 9323827.80907709, 690906.2727772709 9323823.427164784, 690930.6821818679 9323796.07659085, 690943.2811160911 9323775.897157287, 690945.8035131571 9323771.985125866, 691010.5717862385 9323689.142042488, 691035.8036157663 9323655.949434962, 691061.0068701527 9323617.315715402, 691066.0531591997 9323609.967179624, 691089.7008204724 9323579.865168633, 691108.1117233959 9323556.404499551, 691159.4182417729 9323490.591492644, 691284.0249553225 9323368.90319696, 691312.6495654585 9323344.39210807, 691334.5501365988 9323325.277471367, 691362.3301170713 9323296.301092518, 691380.0054992557 9323278.250664335, 691420.4405735414 9323246.645624144, 691426.3326549263 9323240.72096699, 691444.8564688102 9323221.462309133, 691446.5334362161 9323219.720592733, 691475.1465420439 9323188.242036404, 691506.3008632066 9323158.72383437, 691545.2794480425 9323121.74851567, 691570.2976933026 9323098.023011327, 691578.7079827681 9323090.353897015, 691588.8023971745 9323076.2981086, 691619.7342714487 9323049.92138575, 691619.966087944 9323049.72157011, 691651.9703517827 9323022.932169026, 691659.5425530368 9323016.26108122, 691676.1221608955 9323001.730921889, 691689.793246703 9322988.061706737, 691715.0125562213 9322964.93266466, 691741.292057747 9322937.608689155, 691762.3150806739 9322917.63401179, 691779.1368598606 9322892.408626232, 691803.3112819144 9322871.384175237, 691836.9483563341 9322856.66617553, 691863.229186266 9322850.354903007, 691887.4052137834 9322836.695936358, 691929.4570212233 9322802.010657433, 691935.9725046514 9322797.20090431, 691949.4231772186 9322787.2924955, 692006.1889498045 9322743.14807637, 692059.7955177992 9322701.092954293, 692064.9743015198 9322697.128014643, 692091.331873548 9322676.914729161, 692112.3529799319 9322663.25477744, 692138.0354694464 9322643.098942272, 692143.0920869242 9322639.012734778, 692175.1087299737 9322616.182136573, 692213.8665574609 9322586.472881949, 692236.6123314853 9322568.737433795, 692261.9566051622 9322550.130929496, 692275.3631139593 9322540.28891391, 692279.990801381 9322537.06671022, 692290.273335589 9322529.911174988, 692302.5217408785 9322521.366848545, 692359.5448911395 9322481.644863898, 692379.8558290093 9322467.489406908, 692395.87087696 9322456.466606928, 692396.3017941779 9322456.221904205, 692450.7850896963 9322425.256007241, 692537.1892854793 9322376.159727314, 692552.6580630816 9322367.372639982, 692634.4571758955 9322328.49893655, 692670.7109546564 9322311.825370096, 692701.0685197072 9322296.332150979, 692704.439863693 9322294.839247685, 692707.8122485242 9322293.667063694, 692713.0519802816 9322291.449233707, 692713.6155482584 9322291.148800338, 692725.9301187696 9322285.966200994, 692738.1783433924 9322280.80593268, 692793.9032777597 9322253.905456426, 692887.4265013889 9322208.766783174, 692974.2861997535 9322170.561725123, 693005.4837309691 9322154.700614633, 693012.2221160237 9322150.398706194, 693074.5839643724 9322108.479724245, 693086.3806582941 9322100.644450868, 693118.4020240777 9322079.438874949, 693173.1647954407 9322039.291862858, 693184.1191523084 9322031.138580203, 693266.6875667187 9321970.374610431, 693290.2804613477 9321954.582300814, 693313.0487570518 9321943.913187398, 693325.7054423824 9321938.44176743, 693345.3476753961 9321926.400391528, 693396.8598400905 9321887.502336776, 693443.8238612174 9321845.655112702, 693445.2145561583 9321844.411919927, 693468.8922400102 9321827.49116994, 693473.1193800323 9321823.672933687, 693482.4177029949 9321816.885285283, 693495.0289535879 9321807.675869053, 693529.592351008 9321788.73993944, 693538.857491597 9321781.963446386, 693561.88766379 9321749.80482208, 693577.1689534619 9321734.52608467, 693596.5767258746 9321715.119754877, 693631.0317309275 9321686.739313247, 693632.312339305 9321685.684484037, 693673.316194953 9321659.406046657, 693682.8965135128 9321654.24317323, 693727.9693694487 9321629.975280814, 693729.5838598819 9321629.472331556, 693747.7702743442 9321619.116562737, 693789.9547987998 9321605.26500573, 693807.7885863972 9321602.176439032, 693811.0522188956 9321601.612800974, 693860.8252696091 9321586.210180195, 693901.0794015485 9321574.432961917, 693909.8209965767 9321570.05800712, 693911.3904486406 9321569.3229502, 693919.292910292 9321565.603246404, 693927.4692103249 9321560.997887518, 693934.2073341219 9321556.651597986, 693935.4890204382 9321555.928540705, 693949.8196615035 9321547.863554362, 693950.2173961991 9321547.630004568, 693967.0774017309 9321537.875699788, 693972.9768235992 9321534.317370526, 693990.6865528155 9321523.763994798, 694071.6463307994 9321489.380594805, 694084.2913076341 9321483.75416982, 694146.7005871604 9321456.708494462, 694152.6032890307 9321454.156544844, 694305.255063527 9321391.424735485, 694333.1067618055 9321385.007423017, 694376.9691209686 9321369.778482763, 694420.8409756874 9321354.073913597, 694527.127596536 9321316.44367082, 694585.329602604 9321295.947402691, 694608.9457201025 9321287.38723519, 694668.0027834295 9321267.728586003, 694761.6315349602 9321235.204661218, 694781.0424759071 9321230.385287262, 694839.2438642312 9321209.733888451, 694877.2136295391 9321196.8021349, 694959.0318665049 9321167.844653752, 694975.9048322155 9321162.093492048, 695052.6728335898 9321135.729339894, 695099.074516705 9321121.918082474, 695124.3797709617 9321112.024962181, 695171.6115896314 9321094.837742506, 695174.143865278 9321094.044175528, 695206.2020460009 9321084.338905653, 695293.0825161429 9321053.152286002, 695362.2455751972 9321026.75741431, 695390.088769592 9321017.806911262, 695435.6395303383 9321001.100540858, 695439.0121897683 9321000.038759263, 695497.2231152311 9320979.010525068, 695532.6518032046 9320967.612870717, 695644.8479675251 9320929.79482151, 695666.890670581 9320920.81907686, 695668.460386958 9320920.172437793, 695685.3445877081 9320917.84946519, 695725.0069130812 9320908.019211965, 695761.2981511218 9320899.726288669, 695772.265338892 9320898.94906029, 695853.3054934035 9320885.91847217, 695891.2883179865 9320880.362646176, 695898.8790165455 9320879.485960484, 695941.0863131428 9320872.710636701, 695946.9908260314 9320870.733561696, 695952.0563790335 9320869.456014983, 695970.6169962334 9320865.28045729, 695980.7562593375 9320865.191620992, 696001.8534935248 9320861.538522193, 696055.0297871358 9320851.187749831, 696099.7555986551 9320842.81138541, 696106.5162849439 9320841.992716163, 696140.2822252229 9320836.605508275, 696158.001424518 9320832.38843234, 696168.1236893343 9320830.507962873, 696174.0348616625 9320830.54368761, 696208.6640778675 9320831.80040136, 696291.4541666495 9320839.113046456, 696300.8984215583 9320839.73427179, 696382.674776635 9320845.092603158, 696390.292166061 9320845.587154977, 696405.4642607063 9320837.6845323, 696423.1594839324 9320826.234461727, 696441.5933781508 9320817.226110103, 696468.6916459908 9320803.986362044, 696476.2396893181 9320790.24740047, 696473.5940429326 9320783.55404522, 696457.8189251347 9320763.15712658, 696457.4345741668 9320760.747404259, 696451.9297717223 9320726.370245257, 696452.6093715155 9320700.986165542, 696453.3985509758 9320671.929928362, 696455.7467625189 9320615.65079559, 696455.1947185339 9320599.394985875, 696454.6314942375 9320583.106034383, 696451.923327183 9320554.22729148, 696446.0390764303 9320518.922386732, 696443.5150149376 9320512.17333257, 696432.804756063 9320483.608687393, 696423.976028505 9320448.291434012, 696426.0142296347 9320415.36018746, 696426.2577888196 9320415.370439054, 696443.6967400644 9320416.80563001, 696444.6046350871 9320416.868975447, 696488.6178782458 9320447.369141258, 696532.632072905 9320474.80576817, 696577.4714029734 9320500.702346722, 696625.7132412319 9320531.188410737, 696650.2239557016 9320538.804523688, 696711.0693723401 9320547.936770713, 696741.5677787337 9320551.960699242, 696757.5367618881 9320554.053213887, 696810.7361264497 9320554.042330222, 696823.5009581241 9320554.597126918, 696886.760600056 9320557.372947056, 696931.5312955744 9320562.543772668, 697005.414759638 9320567.7946816, 697029.5185096983 9320569.506156512, 697038.8191216658 9320570.205149617, 697039.1623793149 9320570.2371865, 697095.4096085293 9320574.661892101, 697146.9438913034 9320579.865352472, 697181.5745484367 9320581.54172399, 697240.7192816327 9320588.467194151, 697326.884504082 9320595.402123133, 697392.679495327 9320598.246393476, 697406.2746859692 9320598.831480559, 697486.5288607187 9320605.741651317, 697579.469207499 9320616.13743658, 697660.5589297798 9320621.29716694, 697783.0546355074 9320631.638244214, 697806.236448264 9320632.357123978, 697840.4888044952 9320633.403986065, 697857.3984122495 9320641.996181605, 697862.8028433829 9320646.07021488, 697873.489612944 9320654.119151222, 697914.9363857708 9320674.817143403, 697916.6998096303 9320675.82874336, 697963.1698097477 9320702.448985798, 697986.0941452358 9320712.226561192, 697986.6040743821 9320712.44605084, 697986.847932654 9320712.54477308, 698029.4190764751 9320721.869573532, 698036.5198162413 9320723.427372372, 698079.1840269981 9320730.783202536, 698123.3192514624 9320727.837494869, 698125.022859321 9320727.511065224, 698155.7870541662 9320721.524393205, 698203.0319033782 9320705.07536848, 698255.3373558655 9320689.184465533, 698300.909370234 9320678.956509013, 698318.6369972804 9320677.260317031, 698343.9827163792 9320679.553288866, 698399.7351277444 9320684.796893245, 698419.1659333531 9320685.948375482, 698452.6725364679 9320689.032384606, 698462.2505761401 9320689.907191113, 698507.8703417078 9320693.923839549, 698556.0230451149 9320697.345798142, 698620.223264651 9320703.091754626, 698699.6348139087 9320709.372787274, 698755.3850817899 9320713.930377916, 698813.6709692563 9320718.689543491, 698839.8583950559 9320721.079026993, 698864.363278463 9320723.474148206, 698889.6678369502 9320726.662877064, 698902.3810000767 9320728.257033305, 698947.1551176994 9320734.22271791, 698978.4224640835 9320739.603336534, 699035.8973206466 9320753.33448644, 699073.932160246 9320759.897835555, 699105.1845782606 9320764.117169661, 699160.1034208644 9320768.256927641, 699182.0624086058 9320770.660486318, 699207.4045897999 9320771.84714579, 699225.0457813188 9320777.33982522, 699226.8519942898 9320777.89779918, 699242.8959269451 9320775.842021886, 699242.0678707907 9320783.06683778, 699242.0802944312 9320786.76075972, 699241.2797847728 9320798.884961655, 699240.459449141 9320805.114371924, 699230.1344924318 9321000.221327439, 699229.3671673631 9321022.221789777, 699226.233577655 9321097.693132896, 699221.5155105558 9321199.071775716, 699215.1259671832 9321310.365578555, 699211.8885209791 9321351.673629953, 699211.9182856386 9321360.532403901, 699211.9223359805 9321361.737904966, 699211.9517657729 9321370.497142099, 699211.9623931049 9321373.660199946, 699211.448523653 9321471.120597152, 699214.9491240071 9321508.136938557, 699227.7489400682 9321548.650109021, 699263.4700620659 9321624.20104746, 699281.2973543103 9321648.771263894, 699314.3566262057 9321686.528848084, 699399.013180026 9321744.407708287, 699404.3296883265 9321748.603613582, 699404.94015279 9321749.088191867, 699481.8728623837 9321774.831101066, 699533.4346788512 9321787.6750745, 699666.9958981727 9321821.93135944, 699768.4226599222 9321846.585086718, 699814.0692266162 9321858.187951127, 699828.4402427685 9321862.19850088, 699841.9696323491 9321866.112344101, 699850.4252080264 9321868.881994985, 699877.4647327405 9321874.276578935, 699885.6294835741 9321876.15136125, 699886.139060734 9321876.260242686, 699886.7594463172 9321876.401930248, 699894.3709010816 9321878.333874421, 699898.5921697118 9321879.425634036, 699929.0239846364 9321886.279723177, 699961.9911007568 9321896.509556208, 699967.0663407367 9321898.074005669, 699970.4461319523 9321899.113297658, 700054.9771141394 9321919.39962087, 700094.7008629385 9321930.8121332, 700185.1542424911 9321954.352034109, 700215.5897147198 9321962.25666825, 700238.3993179721 9321967.245107679, 700245.1684287528 9321968.859121058, 700251.9268062812 9321970.5727084, 700286.5872163378 9321980.641840305, 700331.3849599307 9321989.924668565, 700338.1431957519 9321991.594008718, 700344.9131739145 9321993.462385472, 700345.0018062836 9321993.48420592, 700353.3664958249 9321995.546275303, 700356.7450732426 9321996.22057871, 700500.452580009 9322035.185685843, 700506.3686349479 9322036.592418768, 700514.8214145798 9322038.510393402, 700580.7576385714 9322056.116058419, 700649.2233224582 9322072.065194165, 700688.9245863705 9322076.730942784, 700713.422834649 9322076.913541066, 700770.8437916026 9322074.087094393, 700818.9561696213 9322065.06538822, 700829.921279192 9322063.546267021, 700843.4276414725 9322060.60288297, 700847.4983162531 9322059.704319779, 700853.5489795696 9322058.356661703, 700856.0330888608 9322043.317910913, 700887.7087286911 9321917.172563965, 700909.3635667727 9321829.549401619, 700930.3724556754 9321757.14676663, 700936.9157939323 9321734.58460667, 700962.7990350046 9321646.94705368, 700986.1597282973 9321563.012007292, 700989.8602352536 9321550.888914345, 701006.2057816542 9321497.292705124, 701027.8586634806 9321405.97539928, 701035.3521379649 9321373.102184119, 701037.3470755159 9321337.89185751, 701037.7336634736 9321331.110846993, 701040.5505433306 9321303.252544777, 701089.8112855293 9321319.675289322, 701137.6326032941 9321329.455899663, 701199.5900635538 9321342.506470326, 701240.5587716944 9321352.144363873, 701255.0163673551 9321355.545974161, 701313.7082940649 9321368.585405799, 701355.0133471366 9321376.198130026, 701382.1822693923 9321380.540875187, 701385.0714868895 9321380.542122167, 701407.1889217498 9321380.544417335, 701452.837001961 9321372.934975851, 701489.7879021477 9321359.891463965, 701513.6948837587 9321342.501480125, 701538.6202774057 9321321.856410805, 701539.3736153062 9321322.03080833, 701541.9114230648 9321322.862733666, 701554.5301006777 9321309.58113933, 701583.1235753282 9321273.83786906, 701599.0746698901 9321244.408532681, 701604.0880718047 9321227.77951216, 701624.883939746 9321135.41389962, 701634.9121191644 9321102.576113364, 701643.2597268256 9321073.592886113, 701654.9399735392 9321031.790945748, 701664.9607970375 9321000.05915854, 701678.3303183482 9320956.979565287, 701682.2714773276 9320947.321913058, 701683.3583699992 9320944.674896041, 701688.385515441 9320932.104791006, 701691.736968743 9320924.815964442, 701753.8026127013 9320800.623068197, 701815.1032511937 9320695.665822221, 701816.6009098572 9320693.37131711, 701820.1358084651 9320687.95097454, 701820.7862363573 9320687.163504392, 701825.1846342892 9320681.762338925, 701828.5432475666 9320676.585914208, 701849.5471432835 9320642.2396584, 701930.184788193 9320507.686282784, 701934.3564143262 9320500.715366242, 701950.3219755818 9320475.665493175, 701970.4753164537 9320441.897166686, 702004.0663892102 9320385.188933214, 702059.4496474906 9320281.954579266, 702082.9040744739 9320229.46150123, 702098.0093206859 9320195.643955946, 702122.1778414256 9320102.691162389, 702132.1750122337 9320060.950003404, 702140.3384118316 9320033.283340277, 702140.5244389366 9320032.652288487, 702146.365437644 9320012.116154257, 702148.8385264581 9319994.013650076, 702152.1698547004 9319980.874124574, 702159.5995994088 9319929.641232619, 702164.5442359354 9319896.234386379, 702182.8329666108 9319809.318191146, 702184.8956114053 9319787.733200327, 702195.8071486956 9319673.513084527, 702197.5064554133 9319655.745010993, 702202.4260336267 9319611.798107242, 702207.0022156368 9319467.439166721, 702207.8447577145 9319419.25917917, 702210.5299870004 9319265.804356191, 702210.7255141543 9319255.009183317, 702212.8008840318 9319140.111395864, 702214.0846806992 9319068.86990769, 702214.8059643712 9319033.807418052, 702214.8046774783 9319033.431384373, 702214.9423486887 9318953.987336379, 702215.0834990825 9318869.1017815, 702218.1667893904 9318783.553614551, 702218.9680012079 9318768.619945826, 702234.7192456354 9318684.44406679, 702250.5913309391 9318632.341601044, 702270.687400989 9318582.171203455, 702280.7653540166 9318564.208502766, 702309.1042884804 9318516.188645795, 702310.9862401579 9318513.00799129, 702277.2370872861 9318523.033339143, 702268.7996086595 9318525.48437347, 702260.3565603179 9318526.309613062, 702199.6144877292 9318544.290992437, 702143.9547209495 9318565.948919846, 702136.4583424567 9318568.463069607, 702125.3906724971 9318572.172856895, 702105.1483096489 9318579.630184637, 702084.8990546798 9318585.074618746, 702076.4954932934 9318587.735643286, 702074.7816264371 9318588.2834454, 702027.5490953109 9318607.744650543, 701988.754437488 9318621.635921018, 701944.8880572523 9318638.187827978, 701939.8339459986 9318639.521243034, 701903.55297492 9318650.461908555, 701889.2169782845 9318656.571760913, 701836.0875987613 9318676.959850464, 701795.5869831886 9318690.49181975, 701777.869130411 9318694.932086226, 701757.6214607405 9318700.851958381, 701712.0821946723 9318720.251768766, 701651.3573896633 9318743.353155404, 701614.2424529388 9318756.453138087, 701608.33672243 9318757.999564845, 701577.1269396613 9318769.387195848, 701556.053496645 9318779.855425587, 701493.6229529881 9318799.423264472, 701462.407747748 9318809.229274115, 701430.336909614 9318814.824359791, 701423.5858051956 9318815.168118574, 701356.8374415641 9318808.538556919, 701312.8927943626 9318798.933516998, 701301.8997793503 9318795.332277471, 701283.6925348653 9318792.596172888, 701283.3159948098 9318792.542156577, 701262.1956040777 9318789.240858745, 701184.4511029358 9318778.058731083, 701126.1507563391 9318768.767901152, 701110.940948936 9318765.33582849, 701017.1523702058 9318752.737163182, 700977.4429268357 9318745.064026218, 700938.5687286557 9318738.870047057, 700854.0548688347 9318719.327172814, 700700.2957997231 9318704.189121298, 700663.1169005346 9318698.46479033, 700647.0721948417 9318696.882444672, 700604.8329799431 9318693.918116197, 700601.4560000424 9318693.66415036, 700595.7429874898 9318693.285400713, 700593.0082790637 9318693.106671855, 700582.0245308839 9318692.203890229, 700568.5039298994 9318690.71249019, 700547.3953323166 9318690.839473842, 700501.7899091279 9318690.784186056, 700498.62523456 9318691.115665771, 700490.8131138091 9318691.927436484, 700450.274122413 9318690.903762002, 700405.4959718133 9318683.457616162, 700379.2939579068 9318679.852537755, 700368.3184069452 9318678.09808248, 700363.24609814 9318677.330042996, 700362.4597422709 9318677.1999928, 700357.3317881289 9318676.34366291, 700344.6534005088 9318675.125853123, 700319.2994096342 9318666.98333924, 700296.4593521692 9318655.934612408, 700255.8859242189 9318644.735880636, 700255.065874621 9318644.4621656, 700251.6526973643 9318643.323516954, 700237.2895003699 9318641.42569035, 700199.2773566481 9318638.015423212, 700140.1283027607 9318629.622431593, 700114.778306366 9318625.903761841, 700080.9888904647 9318620.798019864, 700068.1837943299 9318618.109628508, 700063.3541596006 9318617.08636779, 700063.2433940099 9318617.064623412, 700020.1586437756 9318612.775588827, 699994.8092389419 9318609.222767334, 699942.4233234344 9318604.02509587, 699899.3400774389 9318600.167306416, 699874.8458624372 9318597.452088106, 699870.428599808 9318597.256903403, 699860.4869827498 9318596.814981079, 699820.7808722195 9318593.255381692, 699781.8946180146 9318583.366771843, 699777.6741319541 9318582.440967392, 699698.2541303417 9318572.999107966, 699684.7472502688 9318572.25954085, 699683.7402672056 9318572.351424694, 699621.4302020094 9318578.379566168, 699575.8583841107 9318588.177757446, 699538.7436689308 9318601.331629243, 699520.1980077503 9318609.733381296, 699481.4450811422 9318639.283358123, 699465.4380867704 9318652.100428278, 699441.8833293208 9318678.446987696, 699420.040973206 9318710.372942867, 699404.9254171387 9318738.062392456, 699396.5201306038 9318750.057460839, 699383.0381373608 9318756.694608198, 699379.3963439254 9318756.684782369, 699374.5922625856 9318756.66781999, 699365.3049908131 9318756.599631554, 699354.3351666357 9318759.79975758, 699340.6487822672 9318958.446503429, 699337.374615412 9318988.661820574, 699337.3637702011 9318988.728215862, 699335.6496259507 9318979.35530239, 699333.9033675876 9318963.744779268, 699332.1803052962 9318951.728607751, 699331.2728341599 9318935.3853091, 699324.3402721013 9318881.93464588, 699310.685596453 9318840.68348773, 699287.7326122412 9318796.090470664, 699275.8478758995 9318777.461657243, 699246.1899764978 9318746.870822297, 699224.7579877072 9318733.129455725, 699204.7236932064 9318720.268152155, 699024.5755044526 9318642.141017888, 699013.5749913779 9318636.227936748, 698994.9793142737 9318629.798520567, 698988.2058638379 9318626.768850159, 698973.2081059441 9318620.471081486, 698972.9864276907 9318620.38335031, 699002.3133484938 9318552.831006598, 699022.4155294088 9318503.768478094, 699043.1900495985 9318437.450424343, 699045.818375594 9318429.069316693, 699071.7681347269 9318361.262834761, 699094.4083377866 9318313.19812154, 699115.3693482878 9318269.408126049, 699125.4578192467 9318251.070162231, 699146.4267761374 9318212.93166044, 699181.7013584618 9318156.429865863, 699206.0635764742 9318116.853155188, 699210.2587326241 9318110.291602366, 699210.3028216246 9318110.236154618, 699235.4701736148 9318073.089853583, 699262.3371226867 9318027.908389095, 699280.8407608715 9318003.846160047, 699306.8911702202 9317966.000051264, 699344.7121455651 9317913.028594512, 699406.9020765598 9317822.581557006, 699461.5247773859 9317743.186605746, 699510.2774064016 9317675.88871954, 699543.0543307427 9317627.313769592, 699593.4594125062 9317551.206559906, 699616.156935659 9317520.328159349, 699641.3627527332 9317481.633025035, 699677.5125783975 9317432.205964703, 699711.1116764416 9317381.360790309, 699745.5642182963 9317327.60395563, 699778.8937358828 9317278.905223696, 699779.1691061713 9317278.50613689, 699796.8167333937 9317253.495366056, 699832.1350459682 9317207.023918115, 699840.316172827 9317194.321622057, 699856.4912955542 9317169.227332903, 699874.9774151862 9317140.165779911, 699890.1061483815 9317119.863924839, 699898.4875725074 9317100.95637321, 699920.3286789942 9317068.974675937, 700007.7509434324 9316948.380202692, 700049.585808016 9316891.357428785, 700051.4588167196 9316888.796246175, 700083.4069801937 9316844.182957498, 700126.2693275741 9316783.385188643, 700154.8459005868 9316743.362057049, 700177.5442224848 9316712.914584223, 700196.8719635318 9316687.32276542, 700219.5811445598 9316660.082580242, 700237.2264044681 9316634.496458586, 700248.1086445169 9316605.670675632, 700254.3308867373 9316586.60446079, 700256.4670492769 9316580.060826886, 700262.2579076713 9316544.815524075, 700270.5346420766 9316495.20608194, 700276.0874778044 9316422.54612301, 700276.9987402312 9316410.598388653, 700277.0521642838 9316410.034154719, 700278.4560627885 9316393.229471393, 700278.6260109129 9316391.12752232, 700283.4339929312 9316314.278407076, 700290.00620217 9316261.467388906, 700290.7406136389 9316252.849268105, 700292.400237633 9316233.1349709, 700294.1452076008 9316212.48029561, 700294.8794274889 9316203.806875661, 700295.0131924488 9316200.831321247, 700295.6915790491 9316185.511122614, 700295.9897915726 9316178.818899428, 700296.4531668168 9316168.620142126, 700302.9759449338 9316101.309818203, 700310.3279568779 9316027.239095926, 700311.9466607171 9316008.520318573, 700312.0111515208 9316007.956046635, 700320.1638960515 9315941.51388356, 700322.5834233363 9315914.187812546, 700327.4859704531 9315858.683842627, 700330.663938078 9315800.564558709, 700338.8914532327 9315736.610585418, 700347.9603642852 9315672.720096247, 700349.5201313325 9315633.474422596, 700349.4566994528 9315614.860905895, 700347.1640848832 9315594.960983226, 700346.8445553276 9315592.141809616, 700346.3245614 9315592.20994085, 700335.028397212 9315593.653037746, 700308.0107749094 9315597.17365456, 700222.7207205822 9315595.351768276, 700209.2059245075 9315595.35355643, 700143.3235922398 9315591.563165745, 700086.7168427283 9315584.533781392, 700062.2946597054 9315583.123820914, 700049.5521879506 9315582.39299568, 699987.0404421008 9315577.009411186, 699958.3287528841 9315573.84442855, 699947.3367761611 9315570.342670152, 699927.0469081023 9315563.510344133, 699914.3317080513 9315551.266116314, 699911.785704892 9315547.945766144, 699911.7520857219 9315547.82422235, 699888.6600634765 9315452.578090236, 699883.523731569 9315429.646414762, 699880.0933517112 9315413.63239032, 699862.1509811999 9315354.987845803, 699836.6047541978 9315289.899166279, 699824.6993896794 9315265.154583935, 699821.2952270139 9315260.100760428, 699816.8307752616 9315249.210954893, 699775.3111960245 9315147.86719816, 699771.9045342074 9315138.820787204, 699765.8195090105 9315087.523900732, 699758.862631473 9315027.216225209, 699749.6841412848 9314964.5824848, 699749.3552976052 9314962.272100274, 699728.6694439384 9314838.936958503, 699727.7890073062 9314830.656146495, 699697.0994863969 9314747.015561476, 699696.8319283875 9314746.452420633, 699695.4051028816 9314743.493241575, 699677.561197686 9314710.485067979, 699664.815854053 9314686.064093959, 699652.0687405975 9314664.37490122, 699642.7315133787 9314649.431661025, 699639.6904616999 9314643.735136714, 699638.4763450832 9314641.483062718, 699619.8366566566 9314621.815734193, 699572.439138353 9314591.761475604, 699564.8330249955 9314587.883220043, 699558.9022979342 9314581.942142855, 699545.319842661 9314561.958995378, 699511.3252330171 9314499.044686198, 699496.8960191974 9314477.416503951, 699481.6566776119 9314464.926477497, 699458.8028187165 9314449.332401976, 699453.7237135279 9314446.451993693, 699364.9132344804 9314404.726495637, 699344.6082268012 9314393.293277659, 699327.6896316414 9314384.967416529, 699320.9272686252 9314381.82728244, 699246.5109941289 9314351.389057461, 699229.5978010737 9314344.644708104, 699225.3725500954 9314342.225898348, 699195.7633133574 9314325.504470702, 699172.8954908643 9314305.75188653, 699143.2140011885 9314270.992166892, 699120.3125451541 9314238.05641701, 699116.0703838064 9314233.912332956, 699113.5083686936 9314225.847380966, 699099.8477341435 9314182.760561261, 699097.2565574475 9314166.102252143, 699097.2454142079 9314166.080170376, 699093.0232931145 9314161.316670327, 699059.131919648 9314128.62835014, 699047.2898408571 9314122.397634136, 699038.824042414 9314116.299237806, 698998.2006633268 9314089.384829246, 698993.9715399889 9314085.81580637, 698955.8520501878 9314053.086499969, 698944.8389906264 9314039.995894084, 698923.654808693 9314020.558290938, 698909.2393094453 9314002.878353475, 698902.447877774 9313991.14484008, 698899.9044990649 9313988.565477181, 698892.2645751471 9313977.94081906, 698870.2005934934 9313943.840925947, 698866.7930091616 9313937.73642403, 698860.8663621248 9313929.693943376, 698851.5258668188 9313916.96263327, 698845.5722173784 9313904.219838655, 698817.5120807219 9313844.824447563, 698813.2381305604 9313831.29071417, 698784.2245945063 9313742.048228208, 698783.358033823 9313734.563699333, 698769.7157086852 9313696.796588542, 698755.226485049 9313657.340205397, 698739.8256810796 9313597.116662363, 698724.329412112 9313511.99790093, 698718.3732364669 9313511.553585997, 698677.0342663 9313508.46428389, 698607.7819764516 9313505.535911068, 698573.9937900594 9313503.117715947, 698496.2938035061 9313499.37729529, 698410.1400156394 9313493.02211389, 698387.335085847 9313491.67260655, 698375.5067782952 9313489.44539586, 698334.9636105769 9313485.999256914, 698318.0888428984 9313490.491321893, 698299.5320739988 9313495.088610185, 698269.9890407223 9313500.98387089, 698226.9493256806 9313508.782803042, 698147.6268659001 9313522.709817559, 698103.7307584487 9313529.283914348, 698046.1487161748 9313481.75576256, 698007.6329153101 9313442.81187186, 698000.4028863094 9313435.503698133, 697985.1497135162 9313422.007062001, 697963.1748350285 9313414.06299709, 697958.1030889685 9313413.305949315, 697955.5672160373 9313412.927425278, 697942.0558767142 9313413.758307274, 697889.7968194495 9313441.307630869, 697875.4745967243 9313451.110670825, 697866.2300532679 9313463.429239037, 697834.2576023794 9313497.191916969, 697819.1037665661 9313513.11376974, 697815.7491972815 9313519.39595453, 697813.2249689308 9313522.468017137, 697803.1557676601 9313539.688807724, 697784.6331164889 9313557.679122616, 697757.671495583 9313574.171660202, 697713.8060797779 9313586.562748447, 697673.2868145079 9313590.172161153, 697647.1033481737 9313591.266890712, 697610.8113884423 9313594.662928974, 697523.8531469727 9313602.388151523, 697486.718426312 9313605.311381664, 697447.8735399279 9313606.548213646, 697387.0867074672 9313609.59528456, 697295.9048864888 9313612.047843587, 697295.0527270562 9313612.072831228, 697294.9078801838 9313569.040053299, 697297.3114358131 9313530.112902014, 697298.1257947804 9313522.147181358, 697302.2059687341 9313481.522250442, 697304.604174225 9313441.013576955, 697307.870574541 9313405.246587425, 697316.0412292567 9313323.797600491, 697320.1536678185 9313292.772364952, 697320.1439090417 931 | AA5: 11887.789 | AB5: 344851.65 | AC5: 13778.258 | AD5: 350938.38 | AE5: 15923.721 | AF5: 357523.68 | AG5: 16113.697 | AH5: 365797.73 | AI5: 16255.019 | AJ5: 375071.67 | AK5: 17564.803 | AL5: 377124.27 | AM5: 18963.263 | AN5: 379414.45 | AO5: 20028.554 | AP5: 381583.57 | AQ5: 21009.137 | AR5: 382539.55 | AS5: 22252.294 | AT5: 382598.1 | AU5: 23932.549 | AV5: 382764.96 | AW5: 3.1805213 | AX5: 3.1142741 | AY5: 0.23860792 | AZ5: 0.17540536 | BA5: 1.6115442 | BB5: 1.592344 | BC5: 1.1235303 | BD5: 0.97918503 | BE5: 1.1834445 | BF5: 1.5101858 | BG5: 0.3530057 | BH5: 0.37529638 | BI5: 0.46285324 | BJ5: 0.50705279 | BK5: 0.1094512 | BL5: 0.12145497 | BM5: 0.1143402 | BN5: 0.050106011 | BO5: 0.0030614262 | BP5: 0.0087220837 | BQ5: 32683.542 | BR5: 217180.66 | BS5: 546901.14 | BT5: 664217.78 | BU5: 1218369.9 | BV5: 2679353
A6: North Jakarta City | B6: IDN.7.5_1 | C6: 140.264 | D6: 1088778.3 | E6: 1261560.7 | F6: 1455239 | G6: 1468267.7 | H6: 1467016.3 | I6: 1552298.7 | J6: 1640635.5 | K6: 1712663.1 | L6: 1791957 | M6: 1896765.5 | N6: 2039889.3 | O6: 35378022 | P6: 36586421 | Q6: 37914436 | R6: 39974034 | S6: 42565864 | T6: 43277041 | U6: 44117920 | V6: 44999370 | W6: 45331023 | X6: 45598996 | Y6: 45726915 | Z6: MULTIPOLYGON (((707699.025605487 9325346.397116352, 707609.371693447 9325320.396966474, 707727.5909469598 9325983.178897994, 707875.0553158224 9325966.871613186, 707880.0868077052 9325898.435459401, 707857.5962573374 9325493.222415632, 707767.5936844541 9325367.216994762, 707699.025605487 9325346.397116352)), ((690977.1106199855 9326610.322413998, 691001.2881133617 9326586.146915223, 691020.2096374233 9326566.179680685, 691032.8189595948 9326576.689946048, 691052.7887686244 9326555.668711586, 691066.4598316383 9326569.32747864, 691097.9909198391 9326594.563521322, 691116.9104460409 9326580.900060918, 691119.0149120451 9326553.565774307, 691106.3960513149 9326526.234344589, 691088.5309476102 9326495.756732596, 691066.4611504069 9326458.96664354, 691046.4881380366 9326395.892934673, 691047.1060084276 9326395.249518808, 691129.526261433 9326309.696456224, 691176.8263373363 9326246.628639273, 691210.4677367271 9326177.256442897, 691224.1307933878 9326133.108135192, 691234.6378017715 9326116.286441887, 691248.3108553332 9326099.465663632, 691267.2253870309 9326077.397031516, 691292.4503154828 9326065.83664556, 691314.5303554542 9326057.427170923, 691334.5051357076 9326031.141506633, 691367.5141916795 9326040.889571311, 691383.9061542714 9326022.732911775, 691380.7468332205 9326000.657564757, 691384.9534484735 9325976.479451207, 691421.639675338 9325986.823954612, 691445.9245775628 9325961.76305647, 691463.7974578277 9325942.84957765, 691476.4043211451 9325924.98149958, 691463.7949097205 9325890.284585662, 691498.4837666943 9325906.05451066, 691540.5224679848 9325862.95411537, 691575.2092294614 9325836.676404258, 691602.5478642323 9325814.60268405, 691603.5960507881 9325789.384026544, 691624.6164552438 9325757.841657218, 691657.2007423553 9325728.407648737, 691669.8192924804 9325745.232619323, 691780.1940803465 9325636.960900731, 691808.8281324253 9325683.882159632, 691875.8405501989 9325620.14179277, 691890.5628044907 9325623.301660495, 691912.6330867417 9325622.246395744, 691924.1997588564 9325614.887897836, 691933.6573033497 9325564.426807178, 691954.6848789521 9325545.514010923, 691949.4287531046 9325525.535602314, 691957.8346056838 9325512.923006035, 691987.2606018089 9325544.45808641, 692015.6417170224 9325540.25266675, 692040.8724882243 9325520.286721494, 692076.6141630574 9325481.386464432, 692091.7391219381 9325458.345341196, 692120.3443281082 9325520.296272602, 692278.0249844426 9325406.62874334, 692330.9612327402 9325485.399924561, 692357.3305482569 9325495.843432887, 692557.060613344 9325353.09696778, 692757.0364711598 9325286.658634534, 693110.9441874635 9325214.401627624, 693116.2015613981 9325231.217041548, 693120.4047053116 9325257.491675384, 693139.3285582458 9325252.243520752, 693146.9943473012 9325322.246959595, 693168.1627133035 9325353.75305752, 693220.8872492653 9325366.742992962, 693262.3142592548 9325302.696334627, 693266.5174663169 9325328.970977344, 693270.7266620537 9325360.50988956, 693277.0272237908 9325395.193963148, 693288.5886649216 9325420.427297056, 693316.9672596987 9325439.346495269, 693356.9141191214 9325444.602967095, 693394.7619185927 9325447.753867269, 693415.7376313617 9325447.09970927, 693489.7114345348 9325410.60696392, 693598.3159172968 9325412.709769493, 693666.4453912369 9325488.9757656, 693700.68743419 9325486.232443033, 693724.1746868931 9325420.374547565, 693779.2349442899 9325341.24224312, 693808.1537668705 9325325.355372433, 693947.3465393737 9325198.592733061, 694110.3447935323 9325100.694737025, 694228.2725447068 9325042.39217445, 694358.2843119921 9325006.533854304, 694425.2718254048 9325000.520240927, 694676.2694438178 9324975.171102533, 694852.7726029939 9324982.479849072, 694965.3344308424 9325020.057026828, 695022.5438287165 9325023.16563768, 695031.8660974165 9325023.544342635, 695099.6833692044 9325057.916643487, 695131.7471613965 9325062.744256405, 695241.8945091057 9325147.143926274, 695259.2311327432 9325228.518526401, 695277.852329742 9325286.354231048, 695304.3972616133 9325346.796163397, 695299.2485352929 9325383.652345385, 695317.9473430141 9325465.177338503, 695339.0850835227 9325483.522260431, 695402.2460629392 9325464.90126993, 695457.3908551683 9325412.088229824, 695528.3325506519 9325359.22332569, 695567.8761458758 9325369.61131482, 695607.3618477326 9325358.964197816, 695622.9689580898 9325301.016235365, 695657.0470881358 9325248.272008957, 695720.0498599062 9325184.90411112, 695756.7600666579 9325134.7833175, 695917.1305668283 9325039.520279432, 696013.1999899979 9324999.89874687, 696039.7436407146 9325052.974862983, 696062.0934768119 9325045.989127865, 696032.7565964098 9324981.740967141, 696021.7169119624 9324960.70877221, 696122.2183242444 9324925.695336694, 696096.7533247687 9324870.74663145, 696102.4753308339 9324867.000725187, 696140.3082953958 9324858.82485439, 696155.6736254952 9324858.818524493, 696159.8598208822 9324872.784064768, 696183.605308267 9324872.794385795, 696190.5895364824 9324882.570191702, 696203.1631390483 9324902.115334954, 696249.2621669411 9324889.554707613, 696288.3721408569 9324882.568972727, 696299.5419103152 9324882.565365082, 696320.4968509441 9324875.584099295, 696324.6803519191 9324885.358061615, 696330.2716380596 9324892.340368632, 696342.8362724023 9324892.343218386, 696352.6129572098 9324906.312461838, 696373.5697577081 9324896.533093557, 696377.7541571908 9324913.296718473, 696391.7319171368 9324935.64635382, 696411.2795940144 9324988.723324962, 696448.9938297769 9324991.518785752, 696492.2930012813 9324985.923694454, 696524.4205274631 9324983.130302403, 696559.3395250842 9324994.3070326, 696590.0666341236 9324999.890347913, 696618.0031305914 9325015.259549659, 696590.966397842 9324957.186226422, 696537.3049689734 9324798.104830131, 696508.2493761772 9324715.253597332, 696498.1988368628 9324688.743686745, 696480.351892811 9324647.881999949, 696418.5017771504 9324644.104472524, 696404.9410379737 9324607.210107813, 696400.3240584261 9324590.19354228, 696393.7470973168 9324569.644366063, 696426.7002659249 9324552.094729941, 696407.9524941596 9324486.45144841, 696401.4965294988 9324472.382802503, 696399.1519854275 9324463.011990795, 696396.8160163454 9324449.526979141, 696394.420191619 9324438.032893265, 696391.5377269655 9324426.67312731, 696388.8159308028 9324417.038129516, 696376.883795253 9324383.887610368, 696366.9232470766 9324351.073439203, 696354.6166878348 9324311.797138635, 696372.7791431344 9324300.666589987, 696373.1798486431 9324301.328844681, 696396.3096074589 9324339.596208066, 696400.7704063534 9324349.535139091, 696428.4578207553 9324423.742241113, 696439.8288872271 9324444.518913891, 696443.1681114454 9324450.037703086, 696445.4076352004 9324457.772039937, 696452.0970286056 9324472.127463587, 696465.4138129768 9324482.037187131, 696478.2795277247 9324502.864227654, 696483.5485271015 9324512.822613023, 696489.411476154 9324521.61778065, 696497.6173946005 9324529.232901542, 696502.3107963892 9324539.204245, 696506.403578757 9324555.028101861, 696516.9613056416 9324570.852752872, 696524.5801849458 9324588.43451611, 696527.5100564444 9324600.734195014, 696531.0261432566 9324609.526044542, 696536.8824345676 9324623.010507995, 696545.6775463114 9324634.726799197, 696552.7105975515 9324645.862743655, 696564.4251290859 9324673.417823957, 696568.5370697825 9324681.621548902, 696572.0440282983 9324690.999588385, 696593.7380206807 9324753.702368947, 696645.3039642661 9324737.296714691, 696673.8945700862 9324716.08955288, 696737.3147317348 9324689.060619453, 696746.1634426516 9324686.819478389, 696928.5519747979 9324605.481666675, 697000.4046724809 9324574.277146801, 697033.5708140458 9324560.895902302, 697076.6889778079 9324544.163821328, 697259.0841870185 9324465.036641955, 697343.2052450293 9324461.440108245, 697476.045316256 9324464.317750273, 697478.7476241017 9324354.497420706, 697556.1689231955 9324356.894971134, 697556.1704266346 9324343.999396624, 697556.1627032688 9324334.996854808, 697555.8666432708 9324312.491418233, 697554.665159065 9324280.676747093, 697555.5676087142 9324232.36513454, 697552.8621114128 9324214.357915698, 697551.9680278942 9324198.457083173, 697551.6707310828 9324182.255659625, 697551.7150109509 9324182.255512707, 697574.1712422715 9324180.75430292, 697599.081939651 9324181.655946273, 697612.3411280578 9324514.44159562, 697733.2120765764 9324516.539991817, 697742.214111551 9324517.140511813, 697744.6121563462 9324432.514978519, 697771.9151353014 9324433.718310073, 697771.9188775662 9324471.520271998, 697771.0221019804 9324504.834994595, 697771.6194449905 9324518.038264867, 697911.3032187624 9324521.489482747, 697963.9634541654 9324521.31450639, 697983.258557449 9324521.250382088, 698075.1437037517 9324522.050899485, 698128.7028639878 9324522.53637051, 698126.9087530808 9324548.941831114, 698125.9400423107 9324607.174349286, 698125.103790694 9324638.66408249, 698125.7001017989 9324654.86455297, 698142.8112944211 9324667.172391951, 698154.2104359566 9324672.874466017, 698147.3072234086 9324687.573639972, 698137.3555664676 9324937.445246143, 698097.9249693267 9324961.266162757, 698090.458086992 9325092.868129268, 698091.2186187812 9325321.81226756, 698125.4762646176 9325326.962889768, 698177.4999917061 9325921.53616482, 698196.476069168 9326082.00461979, 698237.0018854139 9326134.392581403, 698302.4889194006 9326182.59450651, 698429.0077338753 9326207.445679905, 698579.7591612872 9326188.729252506, 698744.6845065459 9326077.970467381, 698780.5082738393 9326077.851215953, 698818.3933655435 9326065.094870314, 698847.8117836798 9326039.725423023, 698884.8940103804 9325952.130493443, 698844.1977997 9325523.192758953, 698811.8159398186 9325336.911051255, 698822.7313416211 9325290.42379581, 698841.3073760305 9325217.367632879, 698849.9865330795 9325164.251974523, 698852.0604193032 9325122.218072472, 698847.5401223409 9325094.583815344, 698818.6004488422 9325037.601051781, 698814.5711138297 9325017.762271198, 698814.905757298 9324998.605700005, 698831.3726313796 9324993.562839946, 698833.3878658712 9324977.099236034, 698831.3733335475 9324957.264795043, 698817.9306297182 9324956.258958, 698812.5458048398 9324951.543352844, 698808.8523984299 9324942.807423634, 698807.5071568904 9324937.768672794, 698810.1993163101 9324935.072178887, 698808.5141123707 9324927.678839145, 698808.5173623972 9324925.334165212, 698802.462723413 9324918.939715052, 698781.6305461647 9324916.255319573, 698772.2106850145 9324913.223188346, 698769.5276387068 9324895.414911425, 698760.4504272847 9324878.944065949, 698754.3986247772 9324860.118469067, 698756.0796517263 9324846.343500638, 698737.5925663298 9324826.508698795, 698729.5216470569 9324809.702706393, 698732.2149627098 9324754.240249299, 698736.2530659353 9324720.284476157, 698737.9319716775 9324682.642620394, 698742.2940480709 9324639.616785148, 698745.9991777606 9324585.500229962, 698751.3700369572 9324549.538190661, 698754.4047219334 9324480.294155018, 698758.4364775755 9324454.411992427, 698759.7786079571 9324438.614218395, 698759.7736577796 9324427.178473247, 698767.509352544 9324423.149035987, 698772.5517351775 9324421.462189106, 698772.8917910056 9324400.62451987, 698774.2318114415 9324387.514265588, 698779.2725153025 9324372.0580563, 698787.6818751264 9324357.597037526, 698792.4869488928 9324357.78007406, 698786.4163029715 9324383.060766043, 698782.7530463987 9324396.621164676, 698782.3924318478 9324407.980713194, 698784.2176723195 9324414.212310456, 698784.2237289756 9324419.344006, 698798.8022149368 9324422.369954996, 698841.9827311162 9324424.382464917, 698983.6068188234 9324425.247728117, 698998.518379204 9324425.24214916, 699017.9050985723 9324432.698001254, 699031.3172484701 9324431.215418689, 699047.7221855995 9324434.190969288, 699082.0166253219 9324437.173083875, 699122.271853742 9324441.65043888, 699197.4325577072 9324453.056109887, 699227.3514428602 9324461.803852316, 699258.3995498572 9324477.183659794, 699263.9753037067 9324489.330742216, 699262.9274846833 9324507.029860578, 699254.2526481893 9324561.251690257, 699220.5897684852 9324757.121939898, 699205.3687991707 9324840.12097758, 699182.638826235 9324995.033477537, 699147.8680257408 9325190.90721431, 699121.7979601873 9325340.3008665, 699107.6687300061 9325418.872234326, 699105.5026632167 9325433.257134192, 699075.1627522424 9325630.221836375, 699065.4060750729 9325692.188946865, 699056.7748368139 9325759.682165654, 699119.9053177369 9325768.3193667, 699119.9274569518 9325774.9551401, 699196.3534809578 9325786.865833577, 699229.5866997631 9325793.390757756, 699254.5684809607 9325649.530571653, 699256.716071113 9325629.615844052, 699293.6052104286 9325404.979600042, 699416.555710525 9325425.582235822, 699458.9457565317 9325190.973470978, 699445.8306543613 9325188.650548639, 699450.3062573635 9325149.882158741, 699466.5580520306 9325150.026870407, 699516.4000949303 9325157.60195421, 699575.1094756708 9325168.465253765, 699572.9287376406 9325178.426348107, 699582.9030795107 9325181.710896218, 699583.973088269 9325170.647541465, 699630.4941119673 9325178.233655198, 699628.3133817235 9325188.194754152, 699640.4980819046 9325190.3659166, 699641.5717837424 9325180.408523006, 699658.188294031 9325183.670821307, 699687.3743823813 9325191.635669446, 699681.4137511753 9325219.968663111, 699678.4320879737 9325245.305539623, 699671.6762913392 9325244.454437392, 699540.2630804556 9326003.594460925, 699567.9649956813 9326011.243707012, 699604.5084677201 9326014.439475235, 699608.918147586 9326008.894846685, 699611.1026498672 9326000.039725773, 699621.9918622939 9325945.810432848, 699631.7850969002 9325894.902728269, 699639.3642241966 9325844.00242172, 699650.2274439437 9325782.031349204, 699659.9909858308 9325722.275900869, 699688.2557903191 9325567.34444808, 699703.4544012485 9325477.709371286, 699707.8010773377 9325453.363306258, 699713.2695896829 9325433.437395575, 699723.1576956516 9325394.418564672, 699739.5638106245 9325288.554701326, 699764.9061709613 9325160.320113162, 699787.2775756551 9325027.616219355, 699802.1862712225 9324944.120168176, 699834.003932725 9324792.671365451, 699868.76826257 9324595.690503897, 699870.941483035 9324583.517442534, 699884.0587018928 9324533.704368941, 699927.4281152212 9324268.68779469, 699933.3894863653 9324237.379616056, 699936.3790085199 9324204.57728137, 699940.8448160512 9324176.249205474, 699943.8361349639 9324153.87625036, 699949.7943071947 9324131.515449898, 699952.7806381116 9324107.66049615, 699957.2513948209 9324080.814409912, 699961.7271963254 9324055.472437551, 699967.6924348697 9324028.632387234, 699970.6716114302 9324009.245611005, 699975.1442419762 9323992.851022247, 699979.6189437837 9323970.484133398, 699982.5970709964 9323954.083503723, 699985.5812485963 9323936.189779937, 699988.5654228257 9323918.296055365, 699990.053028218 9323906.368591528, 699991.5466851703 9323892.948033972, 699994.5237636524 9323879.533550948, 699996.0134346301 9323861.633786531, 699999.0005438682 9323851.205415068, 700001.9836308657 9323836.286777128, 700007.9467334488 9323815.419009091, 700010.9308843021 9323797.525278902, 700015.4045039418 9323778.144527812, 700019.8780816981 9323758.75271572, 700027.3235136768 9323740.86610492, 700034.7831396442 9323714.032062598, 700043.7321869993 9323685.69993567, 700052.6701521627 9323657.36784184, 700058.1373928814 9323627.322085574, 700078.0633955011 9323627.255075203, 700111.1841192907 9323600.600136027, 700191.775531239 9323535.07608824, 700252.531023115 9323167.685644148, 700453.903088838 9323137.145469196, 700498.4839758947 9322898.102749655, 700574.9072866738 9322910.010680439, 700513.5826037386 9323281.816951908, 700524.5773883201 9323282.465584153, 700532.9839657497 9323283.764413545, 700545.2650312257 9323285.050174525, 700553.6804338024 9323243.016539793, 700556.9053299413 9323217.800298378, 700559.4901513073 9323196.45715727, 700573.6427318668 9323197.946730757, 700584.0744302701 9323199.039640682, 700616.4054554318 9323204.217156835, 700635.1622574129 9323120.143322377, 700660.8287811731 9323112.115725556, 700685.171445354 9323108.715599032, 700707.303855894 9323106.428908654, 700720.5327376015 9323113.03120878, 700748.9892823417 9323164.12008498, 700768.3870681601 9323194.513398852, 700789.081970201 9323232.024873482, 700800.0780237736 9323252.713893864, 700845.0344527892 9323243.105880285, 700873.7939647835 9323236.372813854, 700890.3839776319 9323231.892821478, 700919.0807353371 9323222.970090745, 700935.896367615 9323219.73908482, 700966.9328456648 9323211.98076466, 701003.3910648127 9323203.452025842, 701016.7536471349 9323200.464925153, 701022.5522762372 9323239.132712409, 701041.305859182 9323340.87533002, 701065.1473600572 9323516.646534007, 701073.1020005931 9323577.448887343, 701076.4977807556 9323599.557133853, 701078.8015079808 9323626.0930168, 701085.5930674229 9323670.309511738, 701099.1612362787 9323754.318611639, 701207.6181479215 9323745.104072107, 701245.2340004507 9323738.34093918, 701277.3185488043 9323732.702478498, 701455.217556057 9323706.717994655, 701800.0649879118 9323657.383514792, 702245.5441481299 9323592.707578778, 702308.4752672483 9323510.384668015, 702311.1262596782 9323485.877902884, 702326.8692895535 9323339.788999941, 702410.5032424431 9323352.378155865, 702414.0396446951 9323350.596528826, 702440.5250053194 9323326.174505943, 702439.3916417457 9323318.436406638, 702431.495749418 9323275.329523869, 702434.7000416487 9323241.03280254, 702442.2683256592 9323187.919322146, 702447.7430935174 9323170.204775091, 702456.5953654677 9323169.068636114, 702499.674749362 9323160.881338809, 702504.2049321713 9323145.35986686, 702523.6053142974 9323085.21615828, 702545.9650831451 9323081.390653467, 702573.6175622569 9323074.660456501, 702588.932764385 9323072.927150372, 702607.0324396929 9323076.16132685, 702636.1358522531 9323079.391168885, 702669.118274623 9323083.923907056, 702746.7311437425 9323093.624264117, 702821.7470338359 9323101.386834979, 702964.6830752352 9323100.733081875, 702966.6187850804 9323032.187838154, 703014.4325684446 9323032.677088818, 703014.902283575 9323011.385036549, 703022.3103416129 9323002.279494978, 703101.3418532617 9323005.957901645, 703121.139396676 9323020.102321694, 703415.0887766116 9323014.363393398, 703452.7635261192 9323031.366383266, 703463.5293429333 9323036.22911168, 703467.995233169 9323047.273823127, 703466.9374399381 9323061.655441731, 703468.1315187942 9323087.08935049, 703492.4857157618 9323087.005985314, 703521.2603791557 9323084.695475636, 703555.5928142682 9323089.001921935, 703581.0388814823 9323084.49078002, 703613.1307936197 9323081.06286305, 703668.4888590937 9323083.085221488, 703795.7912495966 9323081.542918112, 703856.6616709341 9323076.910192978, 703902.0111838621 9323065.694630861, 703913.06232317 9323060.126710182, 703919.3588449706 9323052.960334623, 703939.7575296896 9323029.27719831, 703960.321527818 9323005.383342098, 703953.8460722392 9322960.402316503, 703922.0892792242 9322916.304368319, 703894.3438656827 9322892.708996305, 703842.7462614479 9322883.208486836, 703812.8055765262 9322877.980251864, 703781.8207631774 9322881.404517036, 703765.2384154426 9322888.097387517, 703717.728118159 9322914.804304779, 703676.8181361972 9322929.322539879, 703649.169489203 9322937.159295518, 703625.7234590835 9322937.350231936, 703608.1344830757 9322937.808653612, 703586.3862767733 9322935.958716743, 703580.3530598001 9322932.738802226, 703571.9716871366 9322903.292599414, 703565.6236330401 9322895.417501219, 703553.996199527 9322897.558729904, 703546.7364093203 9322894.984495156, 703548.2001069009 9322885.998758946, 703553.7053963405 9322877.297798967, 703557.5870911579 9322856.757135097, 703570.1100804671 9322821.974760726, 703592.120073646 9322787.159872966, 703655.2353158018 9322759.315673916, 703675.7885485954 9322758.128160076, 703698.6881762177 9322756.799874447, 703720.5524287252 9322769.908447659, 703735.3893561561 9322767.523911547, 703758.7894208196 9322766.857488463, 703795.4932726912 9322791.262726562, 703801.4434291678 9322792.857080836, 703829.7976974256 9322790.658417128, 703870.0550422056 9322776.319235584, 703890.8701093853 9322774.002627188, 703955.2868489753 9322783.481187792, 703980.7669716106 9322788.923734277, 703990.7452155862 9322793.313489992, 703991.8750038593 9322799.945628632, 703985.3620544453 9322837.572084568, 703958.4388515451 9322847.109763237, 703957.0441936404 9322860.065841371, 703968.1511485964 9322883.67405728, 703979.7249389295 9322930.407189244, 703996.3847183092 9322975.297962751, 704009.7960991731 9323015.554675814, 704019.5223698803 9323033.604439901, 704029.2529430906 9323046.455975203, 704038.150793839 9323058.59146652, 704055.8971492845 9323068.48457686, 704074.2688721974 9323073.509122469, 704099.6557156562 9323077.536294453, 704096.9423548151 9323090.098748952, 704145.6904679493 9323104.67438661, 704165.7505368718 9323111.341057241, 704233.766641322 9323134.012767285, 704252.7459679273 9323141.877611917, 704287.4436053098 9323152.53087294, 704322.6156427043 9323162.70690508, 704341.2307931405 9323167.675247015, 704317.911259342 9323256.268939566, 704359.0471362195 9323268.758146942, 704385.7434859849 9323154.5266777, 704403.8017754103 9323142.420196906, 704431.2481976585 9323124.032495577, 704547.7230566449 9323157.48668497, 704568.7753945367 9323162.944278315, 704574.8128297294 9323170.57706536, 704586.326350933 9323180.347720323, 704584.9042125423 9323191.72235671, 704577.1029339659 9323253.807199415, 704611.9015146148 9323261.573285026, 704620.9117576616 9323193.73303367, 704647.5030166326 9323200.277548322, 704940.072278169 9323291.068454342, 705153.9563685744 9323356.69146874, 705171.6992689021 9323365.478331773, 705191.6905676118 9323384.211518548, 705227.2374706663 9323419.481170192, 705268.4073345768 9323480.169634124, 705276.1870546849 9323488.990864433, 705293.9223830923 9323495.565714372, 705303.8932586922 9323497.743319957, 705317.2081221704 9323506.54544219, 705360.4356394508 9323521.88036079, 705379.9841054848 9323521.33728391, 705392.022065388 9323513.000639759, 705411.9169828076 9323506.992662473, 705443.3826285983 9323517.634417798, 705482.2499442332 9323536.600975348, 705504.0022187554 9323549.101177908, 705524.3674694784 9323560.666057795, 705545.6485189366 9323574.550392712, 705591.0038359925 9323609.719673753, 705670.1269419522 9323677.74243131, 705696.1226710218 9323707.227329893, 705707.4236854615 9323789.929036431, 705691.8171541225 9323848.402544579, 705655.5441158428 9323869.055484599, 705586.098331324 9323897.719914628, 705578.0402784157 9324170.567580463, 705604.8833585756 9324176.115551436, 705624.3122813823 9324179.355432162, 705646.0660335028 9324182.59833787, 705669.2005064731 9324188.148031926, 705678.455490084 9324188.149243386, 705692.8078432044 9324192.77809485, 705705.7589072915 9324195.553684354, 705719.1797457972 9324199.721223664, 705733.5272926339 9324202.95650835, 705751.5676250776 9324204.807574661, 705767.7734418116 9324207.582965763, 705851.0582919123 9324233.496544143, 705927.4194587166 9324261.25889355, 705926.4924923341 9324217.298070282, 705928.3391783091 9324203.886802303, 705929.265744833 9324199.713927563, 705930.195288159 9324189.999915624, 705930.6598726216 9324180.287511641, 705932.5034401584 9324169.176761307, 705933.4361560089 9324160.38072903, 705934.3547637181 9324153.907373521, 705936.2095369934 9324146.037202999, 705937.5976446965 9324134.474561632, 705941.2959773822 9324115.493638832, 705943.1503671303 9324097.912670555, 705945.0048940276 9324083.572320772, 705946.3849600261 9324069.68707748, 705949.1677904543 9324054.878989771, 705951.0209476994 9324046.54429688, 705951.4824471924 9324039.143469794, 705951.9358078764 9324026.190482885, 705955.647079659 9324014.15527539, 705956.1100425458 9324003.978348827, 705962.1173160498 9323983.617973667, 705964.4353183996 9323972.052110681, 705971.3726389328 9323954.929134274, 705973.6869902518 9323932.712370712, 705982.9431227909 9323923.4561837, 705982.0142394544 9323910.961443031, 705960.2748113131 9323908.647686264, 705965.3562530037 9323873.480987638, 705969.5288468893 9323850.804326545, 705972.3068598392 9323834.613731228, 705974.6185602342 9323824.430403834, 705976.9269358201 9323810.088475855, 705979.7027467778 9323780.470879046, 706003.3082375233 9323781.395637285, 706037.0873596467 9323779.077720894, 706067.1610922449 9323777.69060814, 706107.9085765431 9323783.212281803, 706125.4659578912 9323805.459782008, 706139.8187224031 9323819.799316386, 706168.5411494758 9323830.9811676, 706212.9323498523 9323836.921506118, 706205.5214476425 9323870.702764364, 706199.7796284539 9323900.551882906, 706199.802619117 9323907.18789322, 706199.8485997687 9323920.4599138, 706221.0624564842 9323972.369125389, 706218.024399684 9323996.568200268, 706213.8507247653 9324028.502253037, 706213.8529166197 9324041.918207677, 706235.6029839364 9324066.451697137, 706268.0065533067 9324101.610261198, 706346.6676783145 9324166.858048143, 706379.0565079513 9324188.14719923, 706421.622782402 9324216.844547285, 706462.2416583832 9324245.825133376, 706481.7831390271 9324271.903605795, 706507.7763479082 9324287.695870697, 706536.6171429433 9324304.186103458, 706574.3373690108 9324327.28162981, 706609.9625620792 9324346.40274728, 706658.6113025846 9324366.805883033, 706670.5790434742 9324376.48624953, 706681.6930370668 9324388.978862014, 706685.3943747773 9324399.628027294, 706692.7984130002 9324418.128128977, 706744.8462529858 9324454.567745278, 706783.9608854556 9324483.840993727, 706800.1547635798 9324495.873556014, 706869.0978959497 9324548.623526989, 706973.6781772248 9324636.55379636, 707045.8743092113 9324707.807125734, 707067.1587320485 9324738.347791245, 707086.5899209498 9324773.98258623, 707108.79893635 9324793.41559795, 707156.0064996389 9324825.812756509, 707204.1251031335 9324859.124722973, 707236.5195269542 9324881.80718048, 707253.1848092324 9324892.444454806, 707261.5134340391 9324896.607313253, 707251.7948625095 9324842.932743786, 707213.2597268411 9324649.347246014, 707211.0697048188 9324646.73359361, 707205.051277929 9324635.163428923, 707193.0375128845 9324602.743508281, 707180.9869698965 9324534.278513413, 707177.2928514315 9324513.000468818, 707176.8250741279 9324493.093729336, 707179.2797132945 9324466.750847252, 707174.7860972199 9324447.96413007, 707110.4346227117 9324407.26517484, 707088.258936105 9324397.388101302, 707049.4274767545 9324373.190668683, 706995.0781020161 9324343.517059205, 706939.6140544624 9324311.635251796, 706903.0160446251 9324292.960092166, 706861.9821785776 9324272.0882889, 706820.9445063799 9324250.110460933, 706732.2193029684 9324203.965800032, 706608.0035311865 9324139.14192121, 706581.3845379171 9324124.856065525, 706529.2574791324 9324097.386493025, 706463.8190996561 9324062.22094098, 706385.0656231132 9324018.253377441, 706375.0562269106 9324005.015888248, 706372.8114667971 9323996.175543128, 706354.7652001239 9323900.014726099, 706350.2450071041 9323873.4860175, 706353.3705428597 9323817.068369929, 706355.5309272466 9323801.57665575, 706357.5915871413 9323757.32887227, 706358.3725788089 9323663.314805947, 706364.7961190965 9323600.249611538, 706364.665671766 9323562.645517955, 706363.4550426407 9323532.787283862, 706362.2751065935 9323511.777071929, 706365.4273672851 9323463.101427246, 706367.5032805596 9323423.2776439, 706366.1698186072 9323358.027318241, 706368.360850726 9323351.383617971, 706363.6755712923 9323277.296793982, 706361.2542331696 9323217.580323916, 706357.7565664775 9323166.715719461, 706357.7066598992 9323152.33768226, 706322.1973754121 9323128.128574885, 706164.7466314407 9323055.677816499, 706156.978288338 9323050.174683688, 706161.3450057328 9323032.463297006, 706107.5594542578 9323008.46127763, 706162.4924735777 9323031.353302017, 706190.1388218381 9323045.17107894, 706212.257780906 9323054.849404361, 706224.6883332818 9323057.615559218, 706231.6084209863 9323045.170996662, 706417.3913247462 9323121.64866717, 706516.2200699756 9323186.339234315, 706483.8876315714 9323232.185332324, 706485.0241025216 9323247.03519234, 706488.716081751 9323261.378470374, 706486.5365903432 9323271.340190992, 706485.4756490798 9323284.616077669, 706463.3201521983 9323360.11228973, 706468.2470057422 9323424.034011653, 706467.2359590556 9323451.687939104, 706458.4910323666 9323483.79277786, 706451.8757059586 9323491.55785577, 706447.5665711857 9323525.85932564, 706450.926058339 9323536.907831695, 706450.7610773963 9323553.166847833, 706439.3316972933 9323564.587422809, 706424.4846635202 9323573.719339423, 706425.6210993036 9323588.569196355, 706426.7733842153 9323607.986846123, 706422.1982647264 9323626.263051394, 706426.7721504691 9323649.108540082, 706421.0607288812 9323668.52788333, 706426.7661304863 9323685.662402414, 706429.0547420131 9323703.947973112, 706417.6288329375 9323761.058054559, 706423.3415639385 9323809.028285243, 706415.346559953 9323846.726931203, 706431.0397412094 9323867.675748354, 706427.9055559925 9323883.281449454, 706435.9009300335 9323893.561789587, 706449.6158328791 9323902.705213675, 706477.0257779327 9323915.262959247, 706497.6118144686 9323910.579450509, 706541.977905503 9323934.757878669, 706565.2641711665 9323945.737238737, 706584.3986771557 9323959.816789934, 706604.9600116997 9323973.526399538, 706619.8103979998 9323978.086944804, 706631.232907765 9323983.79858453, 706641.5199520413 9323994.082016729, 706648.3703386306 9323999.798466284, 706659.5547830121 9324000.710812815, 706688.3763274067 9324011.670922115, 706672.9660265564 9324037.162833383, 706705.1279274883 9324053.641432857, 706723.8862431826 9324035.880009566, 706746.065552827 9324046.863165142, 706802.6478109946 9324082.059218248, 706883.6274599816 9324129.336671172, 706909.9551235824 9324142.583769513, 706935.0887654629 9324156.288477534, 706951.26116648 9324158.964134447, 706967.8938055738 9324166.648454955, 707097.6570410915 9324234.770488868, 707137.4647009358 9324221.359786084, 707137.3992944594 9324202.557669565, 707134.0435164669 9324192.615161277, 707105.2756040081 9324197.139310073, 707092.944181223 9324152.941400211, 707137.191520684 9324142.833298732, 707136.0382973142 9324129.565067697, 707121.6582046105 9324132.933155999, 707116.0537041753 9324113.04429008, 707133.7472413079 9324107.452633353, 707095.6805100967 9323984.81683422, 707042.9952742788 9323796.976741126, 706973.1054455928 9323755.191124003, 707007.2043948645 9323692.029386444, 707058.2398608781 9323723.926382147, 707104.704788521 9323714.91650981, 707117.8513810197 9323732.500712803, 707171.5410735263 9323766.766345814, 707176.1089009139 9323749.62924302, 707163.4588369853 9323737.938407442, 707178.8881049611 9323717.976315364, 707220.6506236094 9323754.207913809, 707256.0668709375 9323789.609965473, 707251.499058003 9323806.747080263, 707232.082152779 9323810.177003874, 707219.5139182215 9323812.454931676, 707196.6642721116 9323812.457071196, 707208.0948222808 9323839.53690174, 707188.1757333751 9323841.818293925, 707190.4745316639 9323866.142745748, 707235.8633546651 9323865.984713586, 707305.6864132571 9324206.396091975, 707369.8742985323 9324518.070652144, 707384.2621960274 9324516.914544769, 707392.046252483 9324526.841640333, 707407.6105220106 9324545.589822441, 707415.406137404 9324558.834942073, 707422.291072374 9324628.490340099, 707426.8617730598 9324669.397231929, 707429.1259467779 9324683.767632434, 707429.1952484444 9324703.675782226, 707433.6927946776 9324723.568517376, 707419.3125427705 9324726.936638141, 707422.67607494 9324739.091168879, 707438.1787919877 9324740.143227909, 707441.5808277732 9324763.35784262, 707460.801284676 9324878.317207767, 707481.9255461129 9325031.339232927, 707499.3446023855 9325070.852075286, 707688.0207736208 9325209.587212633, 707802.3801831029 9325202.497376911, 707777.6368920361 9325072.26083894, 707769.4103972602 9324802.032644344, 707703.5114590232 9324635.252828691, 707685.8138956446 9324639.738612212, 707682.3924761557 9324610.99393465, 707671.1098285494 9324550.201988311, 707651.9505433228 9324452.938741105, 707642.9784142186 9324419.789326198, 707631.7767541405 9324382.223592939, 707630.631141128 9324371.167356577, 707613.6667208663 9324268.366361747, 707596.8565496383 9324209.805754082, 707582.3607538978 9324179.993674848, 707567.8649690881 9324150.18159623, 707561.168678622 9324134.720622832, 707561.1416881675 9324126.978558011, 707569.9865307987 9324123.629653946, 707577.7705948477 9324133.556720307, 707588.8912413666 9324147.896244574, 707593.3657236814 9324161.152918283, 707600.0581681959 9324175.507881932, 707616.7333721474 9324195.358153343, 707625.5936520196 9324196.433281647, 707636.6526114221 9324193.076649256, 707647.7115701623 9324189.720014421, 707651.0828709629 9324204.086558916, 707669.0657233135 9324281.445473444, 707684.9116139921 9324380.932313146 | AA6: 7762.3506 | AB6: 252224.53 | AC6: 8994.1874 | AD6: 260839.71 | AE6: 10375 | AF6: 270307.68 | AG6: 10467.887 | AH6: 284991.4 | AI6: 10458.965 | AJ6: 303469.63 | AK6: 11066.979 | AL6: 308539.9 | AM6: 11696.768 | AN6: 314534.88 | AO6: 12210.283 | AP6: 320819.1 | AQ6: 12775.601 | AR6: 323183.59 | AS6: 13522.825 | AT6: 325094.08 | AU6: 14543.214 | AV6: 326006.07 | AW6: 3.1738759 | AX6: 3.0704552 | AY6: 0.17905948 | AZ6: -0.017046051 | BA6: 1.1626648 | BB6: 1.138142 | BC6: 0.87804496 | BD6: 0.92597128 | BE6: 1.1697661 | BF6: 1.5091357 | BG6: 0.68313542 | BH6: 0.7259606 | BI6: 1.0864453 | BJ6: 1.2967568 | BK6: 0.33415368 | BL6: 0.38860282 | BM6: 0.39958819 | BN6: 0.1474034 | BO6: 0.11822941 | BP6: 0.05610606 | BQ6: 54468.668 | BR6: 121504.48 | BS6: 320331.53 | BT6: 560322.7 | BU6: 802842.62 | BV6: 1859470
